point_index;time;latitude;longitude;altitude_m;distance_step_m;distance_cum_m;time_step_s;speed_m_s;speed_km_h;elevation_delta_m;slope_percent_raw;segment_type_raw;slope_percent_smooth_5pts;speed_km_h_smooth_5pts;segment_type_smooth
1;2026-05-10T08:00:00+00:00;44.123456;5.987654;850.0;0;0;;;;;;;0.0;3.0;plat
2;2026-05-10T08:00:04+00:00;44.123486;5.987674;850.0;5.0;5.0;4;1.25;4.5;0.0;0.0;plat;0.0;3.375;plat
3;2026-05-10T08:00:08+00:00;44.123516;5.987694;850.0;5.0;10.0;4;1.25;4.5;0.0;0.0;plat;0.0;3.6;plat
4;2026-05-10T08:00:12+00:00;44.123546;5.987714;850.0;5.0;15.0;4;1.25;4.5;0.0;0.0;plat;0.0;4.5;plat
5;2026-05-10T08:00:16+00:00;44.123576;5.987734;850.0;5.0;20.0;4;1.25;4.5;0.0;0.0;plat;0.0;4.5;plat
6;2026-05-10T08:00:20+00:00;44.123606;5.987754;850.0;5.0;25.0;4;1.25;4.5;0.0;0.0;plat;0.0;4.5;plat
7;2026-05-10T08:00:24+00:00;44.123636;5.987774;850.0;5.0;30.0;4;1.25;4.5;0.0;0.0;plat;0.0;4.5;plat
8;2026-05-10T08:00:28+00:00;44.123666;5.987794;850.0;5.0;35.0;4;1.25;4.5;0.0;0.0;plat;0.0;4.5;plat
9;2026-05-10T08:00:32+00:00;44.123696;5.987814;850.0;5.0;40.0;4;1.25;4.5;0.0;0.0;plat;0.0;4.5;plat
10;2026-05-10T08:00:36+00:00;44.123726;5.987834;850.0;5.0;45.0;4;1.25;4.5;0.0;0.0;plat;0.0;4.5;plat
11;2026-05-10T08:00:40+00:00;44.123756;5.987854;850.0;5.0;50.0;4;1.25;4.5;0.0;0.0;plat;0.0;4.5;plat
12;2026-05-10T08:00:44+00:00;44.123786;5.987874;850.0;5.0;55.0;4;1.25;4.5;0.0;0.0;plat;0.0;4.5;plat
13;2026-05-10T08:00:48+00:00;44.123816;5.987894;850.0;5.0;60.0;4;1.25;4.5;0.0;0.0;plat;0.0;4.5;plat
14;2026-05-10T08:00:52+00:00;44.123846;5.987914;850.0;5.0;65.0;4;1.25;4.5;0.0;0.0;plat;0.0;4.5;plat
15;2026-05-10T08:00:56+00:00;44.123876;5.987934;850.0;5.0;70.0;4;1.25;4.5;0.0;0.0;plat;0.0;4.5;plat
16;2026-05-10T08:01:00+00:00;44.123906;5.987954;850.0;5.0;75.0;4;1.25;4.5;0.0;0.0;plat;0.0;4.5;plat
17;2026-05-10T08:01:04+00:00;44.123936;5.987974;850.0;5.0;80.0;4;1.25;4.5;0.0;0.0;plat;0.0;4.5;plat
18;2026-05-10T08:01:08+00:00;44.123966;5.987994;850.0;5.0;85.0;4;1.25;4.5;0.0;0.0;plat;0.0;4.5;plat
19;2026-05-10T08:01:12+00:00;44.123996;5.988014;850.0;5.0;90.0;4;1.25;4.5;0.0;0.0;plat;0.0;4.5;plat
20;2026-05-10T08:01:16+00:00;44.124026;5.988034;850.0;5.0;95.0;4;1.25;4.5;0.0;0.0;plat;0.0;4.5;plat
21;2026-05-10T08:01:20+00:00;44.124056;5.988054;850.0;5.0;100.0;4;1.25;4.5;0.0;0.0;plat;0.0;4.5;plat
22;2026-05-10T08:01:24+00:00;44.124086;5.988074;850.0;5.0;105.0;4;1.25;4.5;0.0;0.0;plat;0.0;4.5;plat
23;2026-05-10T08:01:28+00:00;44.124116;5.988094;850.0;5.0;110.0;4;1.25;4.5;0.0;0.0;plat;0.0;4.5;plat
24;2026-05-10T08:01:32+00:00;44.124146;5.988114;850.0;5.0;115.0;4;1.25;4.5;0.0;0.0;plat;0.0;4.5;plat
25;2026-05-10T08:01:36+00:00;44.124176;5.988134;850.0;5.0;120.0;4;1.25;4.5;0.0;0.0;plat;0.0;4.5;plat
26;2026-05-10T08:01:40+00:00;44.124206;5.988154;850.0;5.0;125.0;4;1.25;4.5;0.0;0.0;plat;0.0;4.5;plat
27;2026-05-10T08:01:44+00:00;44.124236;5.988174;850.0;5.0;130.0;4;1.25;4.5;0.0;0.0;plat;0.0;4.5;plat
28;2026-05-10T08:01:48+00:00;44.124266;5.988194;850.0;5.0;135.0;4;1.25;4.5;0.0;0.0;plat;0.0;4.5;plat
29;2026-05-10T08:01:52+00:00;44.124296;5.988214;850.0;5.0;140.0;4;1.25;4.5;0.0;0.0;plat;0.0;4.5;plat
30;2026-05-10T08:01:56+00:00;44.124326;5.988234;850.0;5.0;145.0;4;1.25;4.5;0.0;0.0;plat;0.0;4.5;plat
31;2026-05-10T08:02:00+00:00;44.124356;5.988254;850.0;5.0;150.0;4;1.25;4.5;0.0;0.0;plat;0.0;4.5;plat
32;2026-05-10T08:02:04+00:00;44.124386;5.988274;850.0;5.0;155.0;4;1.25;4.5;0.0;0.0;plat;0.0;4.5;plat
33;2026-05-10T08:02:08+00:00;44.124416;5.988294;850.0;5.0;160.0;4;1.25;4.5;0.0;0.0;plat;0.0;4.5;plat
34;2026-05-10T08:02:12+00:00;44.124446;5.988314;850.0;5.0;165.0;4;1.25;4.5;0.0;0.0;plat;0.0;4.5;plat
35;2026-05-10T08:02:16+00:00;44.124476;5.988334;850.0;5.0;170.0;4;1.25;4.5;0.0;0.0;plat;0.0;4.5;plat
36;2026-05-10T08:02:20+00:00;44.124506;5.988354;850.0;5.0;175.0;4;1.25;4.5;0.0;0.0;plat;0.0;4.5;plat
37;2026-05-10T08:02:24+00:00;44.124536;5.988374;850.0;5.0;180.0;4;1.25;4.5;0.0;0.0;plat;0.0;4.5;plat
38;2026-05-10T08:02:28+00:00;44.124566;5.988394;850.0;5.0;185.0;4;1.25;4.5;0.0;0.0;plat;0.0;4.5;plat
39;2026-05-10T08:02:32+00:00;44.124596;5.988414;850.0;5.0;190.0;4;1.25;4.5;0.0;0.0;plat;0.0;4.5;plat
40;2026-05-10T08:02:36+00:00;44.124626;5.988434;850.0;5.0;195.0;4;1.25;4.5;0.0;0.0;plat;0.0;4.5;plat
41;2026-05-10T08:02:40+00:00;44.124656;5.988454;850.0;5.0;200.0;4;1.25;4.5;0.0;0.0;plat;0.0;4.5;plat
42;2026-05-10T08:02:44+00:00;44.124686;5.988474;850.0;5.0;205.0;4;1.25;4.5;0.0;0.0;plat;0.0;4.5;plat
43;2026-05-10T08:02:48+00:00;44.124716;5.988494;850.0;5.0;210.0;4;1.25;4.5;0.0;0.0;plat;0.0;4.5;plat
44;2026-05-10T08:02:52+00:00;44.124746;5.988514;850.0;5.0;215.0;4;1.25;4.5;0.0;0.0;plat;0.0;4.5;plat
45;2026-05-10T08:02:56+00:00;44.124776;5.988534;850.0;5.0;220.0;4;1.25;4.5;0.0;0.0;plat;0.0;4.5;plat
46;2026-05-10T08:03:00+00:00;44.124806;5.988554;850.0;5.0;225.0;4;1.25;4.5;0.0;0.0;plat;0.0;4.5;plat
47;2026-05-10T08:03:04+00:00;44.124836;5.988574;850.0;5.0;230.0;4;1.25;4.5;0.0;0.0;plat;0.0;4.5;plat
48;2026-05-10T08:03:08+00:00;44.124866;5.988594;850.0;5.0;235.0;4;1.25;4.5;0.0;0.0;plat;0.0;4.5;plat
49;2026-05-10T08:03:12+00:00;44.124896;5.988614;850.0;5.0;240.0;4;1.25;4.5;0.0;0.0;plat;0.0;4.5;plat
50;2026-05-10T08:03:16+00:00;44.124926;5.988634;850.0;5.0;245.0;4;1.25;4.5;0.0;0.0;plat;0.0;4.5;plat
51;2026-05-10T08:03:20+00:00;44.124956;5.988654;850.0;5.0;250.0;4;1.25;4.5;0.0;0.0;plat;0.0;4.5;plat
52;2026-05-10T08:03:24+00:00;44.124986;5.988674;850.0;5.0;255.0;4;1.25;4.5;0.0;0.0;plat;0.0;4.5;plat
53;2026-05-10T08:03:28+00:00;44.125016;5.988694;850.0;5.0;260.0;4;1.25;4.5;0.0;0.0;plat;0.0;4.5;plat
54;2026-05-10T08:03:32+00:00;44.125046;5.988714;850.0;5.0;265.0;4;1.25;4.5;0.0;0.0;plat;0.0;4.5;plat
55;2026-05-10T08:03:36+00:00;44.125076;5.988734;850.0;5.0;270.0;4;1.25;4.5;0.0;0.0;plat;0.0;4.5;plat
56;2026-05-10T08:03:40+00:00;44.125106;5.988754;850.0;5.0;275.0;4;1.25;4.5;0.0;0.0;plat;0.0;4.5;plat
57;2026-05-10T08:03:44+00:00;44.125136;5.988774;850.0;5.0;280.0;4;1.25;4.5;0.0;0.0;plat;0.0;4.5;plat
58;2026-05-10T08:03:48+00:00;44.125166;5.988794;850.0;5.0;285.0;4;1.25;4.5;0.0;0.0;plat;0.0;4.5;plat
59;2026-05-10T08:03:52+00:00;44.125196;5.988814;850.0;5.0;290.0;4;1.25;4.5;0.0;0.0;plat;0.0;4.5;plat
60;2026-05-10T08:03:56+00:00;44.125226;5.988834;850.0;5.0;295.0;4;1.25;4.5;0.0;0.0;plat;0.0;4.5;plat
61;2026-05-10T08:04:00+00:00;44.125256;5.988854;850.0;5.0;300.0;4;1.25;4.5;0.0;0.0;plat;0.0;4.5;plat
62;2026-05-10T08:04:04+00:00;44.125286;5.988874;850.0;5.0;305.0;4;1.25;4.5;0.0;0.0;plat;0.0;4.5;plat
63;2026-05-10T08:04:08+00:00;44.125316;5.988894;850.0;5.0;310.0;4;1.25;4.5;0.0;0.0;plat;0.0;4.5;plat
64;2026-05-10T08:04:12+00:00;44.125346;5.988914;850.0;5.0;315.0;4;1.25;4.5;0.0;0.0;plat;0.0;4.5;plat
65;2026-05-10T08:04:16+00:00;44.125376;5.988934;850.0;5.0;320.0;4;1.25;4.5;0.0;0.0;plat;0.0;4.5;plat
66;2026-05-10T08:04:20+00:00;44.125406;5.988954;850.0;5.0;325.0;4;1.25;4.5;0.0;0.0;plat;0.0;4.5;plat
67;2026-05-10T08:04:24+00:00;44.125436;5.988974;850.0;5.0;330.0;4;1.25;4.5;0.0;0.0;plat;0.0;4.5;plat
68;2026-05-10T08:04:28+00:00;44.125466;5.988994;850.0;5.0;335.0;4;1.25;4.5;0.0;0.0;plat;0.0;4.5;plat
69;2026-05-10T08:04:32+00:00;44.125496;5.989014;850.0;5.0;340.0;4;1.25;4.5;0.0;0.0;plat;0.0;4.5;plat
70;2026-05-10T08:04:36+00:00;44.125526;5.989034;850.0;5.0;345.0;4;1.25;4.5;0.0;0.0;plat;0.0;4.5;plat
71;2026-05-10T08:04:40+00:00;44.125556;5.989054;850.0;5.0;350.0;4;1.25;4.5;0.0;0.0;plat;0.0;4.5;plat
72;2026-05-10T08:04:44+00:00;44.125586;5.989074;850.0;5.0;355.0;4;1.25;4.5;0.0;0.0;plat;0.0;4.5;plat
73;2026-05-10T08:04:48+00:00;44.125616;5.989094;850.0;5.0;360.0;4;1.25;4.5;0.0;0.0;plat;0.0;4.5;plat
74;2026-05-10T08:04:52+00:00;44.125646;5.989114;850.0;5.0;365.0;4;1.25;4.5;0.0;0.0;plat;0.0;4.5;plat
75;2026-05-10T08:04:56+00:00;44.125676;5.989134;850.0;5.0;370.0;4;1.25;4.5;0.0;0.0;plat;0.0;4.5;plat
76;2026-05-10T08:05:00+00:00;44.125706;5.989154;850.0;5.0;375.0;4;1.25;4.5;0.0;0.0;plat;0.0;4.5;plat
77;2026-05-10T08:05:04+00:00;44.125736;5.989174;850.0;5.0;380.0;4;1.25;4.5;0.0;0.0;plat;0.0;4.5;plat
78;2026-05-10T08:05:08+00:00;44.125766;5.989194;850.0;5.0;385.0;4;1.25;4.5;0.0;0.0;plat;0.0;4.5;plat
79;2026-05-10T08:05:12+00:00;44.125796;5.989214;850.0;5.0;390.0;4;1.25;4.5;0.0;0.0;plat;0.0;4.5;plat
80;2026-05-10T08:05:16+00:00;44.125826;5.989234;850.0;5.0;395.0;4;1.25;4.5;0.0;0.0;plat;0.0;4.5;plat
81;2026-05-10T08:05:20+00:00;44.125856;5.989254;850.0;5.0;400.0;4;1.25;4.5;0.0;0.0;plat;0.0;4.5;plat
82;2026-05-10T08:05:24+00:00;44.125886;5.989274;850.0;5.0;405.0;4;1.25;4.5;0.0;0.0;plat;0.0;4.5;plat
83;2026-05-10T08:05:28+00:00;44.125916;5.989294;850.0;5.0;410.0;4;1.25;4.5;0.0;0.0;plat;0.0;4.5;plat
84;2026-05-10T08:05:32+00:00;44.125946;5.989314;850.0;5.0;415.0;4;1.25;4.5;0.0;0.0;plat;0.0;4.5;plat
85;2026-05-10T08:05:36+00:00;44.125976;5.989334;850.0;5.0;420.0;4;1.25;4.5;0.0;0.0;plat;0.0;4.5;plat
86;2026-05-10T08:05:40+00:00;44.126006;5.989354;850.0;5.0;425.0;4;1.25;4.5;0.0;0.0;plat;0.0;4.5;plat
87;2026-05-10T08:05:44+00:00;44.126036;5.989374;850.0;5.0;430.0;4;1.25;4.5;0.0;0.0;plat;0.0;4.5;plat
88;2026-05-10T08:05:48+00:00;44.126066;5.989394;850.0;5.0;435.0;4;1.25;4.5;0.0;0.0;plat;0.0;4.5;plat
89;2026-05-10T08:05:52+00:00;44.126096;5.989414;850.0;5.0;440.0;4;1.25;4.5;0.0;0.0;plat;0.0;4.5;plat
90;2026-05-10T08:05:56+00:00;44.126126;5.989434;850.0;5.0;445.0;4;1.25;4.5;0.0;0.0;plat;0.0;4.5;plat
91;2026-05-10T08:06:00+00:00;44.126156;5.989454;850.0;5.0;450.0;4;1.25;4.5;0.0;0.0;plat;0.0;4.5;plat
92;2026-05-10T08:06:04+00:00;44.126186;5.989474;850.0;5.0;455.0;4;1.25;4.5;0.0;0.0;plat;0.0;4.5;plat
93;2026-05-10T08:06:08+00:00;44.126216;5.989494;850.0;5.0;460.0;4;1.25;4.5;0.0;0.0;plat;0.0;4.5;plat
94;2026-05-10T08:06:12+00:00;44.126246;5.989514;850.0;5.0;465.0;4;1.25;4.5;0.0;0.0;plat;0.0;4.5;plat
95;2026-05-10T08:06:16+00:00;44.126276;5.989534;850.0;5.0;470.0;4;1.25;4.5;0.0;0.0;plat;0.0;4.5;plat
96;2026-05-10T08:06:20+00:00;44.126306;5.989554;850.0;5.0;475.0;4;1.25;4.5;0.0;0.0;plat;0.0;4.5;plat
97;2026-05-10T08:06:24+00:00;44.126336;5.989574;850.0;5.0;480.0;4;1.25;4.5;0.0;0.0;plat;0.0;4.5;plat
98;2026-05-10T08:06:28+00:00;44.126366;5.989594;850.0;5.0;485.0;4;1.25;4.5;0.0;0.0;plat;0.0;4.5;plat
99;2026-05-10T08:06:32+00:00;44.126396;5.989614;850.0;5.0;490.0;4;1.25;4.5;0.0;0.0;plat;2.4;4.5;plat
100;2026-05-10T08:06:36+00:00;44.126426;5.989634;850.0;5.0;495.0;4;1.25;4.5;0.0;0.0;plat;4.8;4.5;montee
101;2026-05-10T08:06:40+00:00;44.126456;5.989654;850.6;5.0;500.0;4;1.25;4.5;0.6;12.0;montee;7.2;4.5;montee
102;2026-05-10T08:06:44+00:00;44.126486;5.989674;851.2;5.0;505.0;4;1.25;4.5;0.6;12.0;montee;9.6;4.5;montee
103;2026-05-10T08:06:48+00:00;44.126516;5.989694;851.8;5.0;510.0;4;1.25;4.5;0.6;12.0;montee;12.0;4.5;montee
104;2026-05-10T08:06:52+00:00;44.126546;5.989714;852.4;5.0;515.0;4;1.25;4.5;0.6;12.0;montee;12.0;4.5;montee
105;2026-05-10T08:06:56+00:00;44.126576;5.989734;853.0;5.0;520.0;4;1.25;4.5;0.6;12.0;montee;12.0;4.5;montee
106;2026-05-10T08:07:00+00:00;44.126606;5.989754;853.6;5.0;525.0;4;1.25;4.5;0.6;12.0;montee;12.0;4.5;montee
107;2026-05-10T08:07:04+00:00;44.126636;5.989774;854.2;5.0;530.0;4;1.25;4.5;0.6;12.0;montee;12.0;4.5;montee
108;2026-05-10T08:07:08+00:00;44.126666;5.989794;854.8;5.0;535.0;4;1.25;4.5;0.6;12.0;montee;12.0;4.5;montee
109;2026-05-10T08:07:12+00:00;44.126696;5.989814;855.4;5.0;540.0;4;1.25;4.5;0.6;12.0;montee;12.0;4.5;montee
110;2026-05-10T08:07:16+00:00;44.126726;5.989834;856.0;5.0;545.0;4;1.25;4.5;0.6;12.0;montee;12.0;4.5;montee
111;2026-05-10T08:07:20+00:00;44.126756;5.989854;856.6;5.0;550.0;4;1.25;4.5;0.6;12.0;montee;12.0;4.5;montee
112;2026-05-10T08:07:24+00:00;44.126786;5.989874;857.2;5.0;555.0;4;1.25;4.5;0.6;12.0;montee;12.0;4.5;montee
113;2026-05-10T08:07:28+00:00;44.126816;5.989894;857.8;5.0;560.0;4;1.25;4.5;0.6;12.0;montee;12.0;4.5;montee
114;2026-05-10T08:07:32+00:00;44.126846;5.989914;858.4;5.0;565.0;4;1.25;4.5;0.6;12.0;montee;12.0;4.5;montee
115;2026-05-10T08:07:36+00:00;44.126876;5.989934;859.0;5.0;570.0;4;1.25;4.5;0.6;12.0;montee;12.0;4.5;montee
116;2026-05-10T08:07:40+00:00;44.126906;5.989954;859.6;5.0;575.0;4;1.25;4.5;0.6;12.0;montee;12.0;4.5;montee
117;2026-05-10T08:07:44+00:00;44.126936;5.989974;860.2;5.0;580.0;4;1.25;4.5;0.6;12.0;montee;12.0;4.5;montee
118;2026-05-10T08:07:48+00:00;44.126966;5.989994;860.8;5.0;585.0;4;1.25;4.5;0.6;12.0;montee;12.0;4.5;montee
119;2026-05-10T08:07:52+00:00;44.126996;5.990014;861.4;5.0;590.0;4;1.25;4.5;0.6;12.0;montee;12.0;4.5;montee
120;2026-05-10T08:07:56+00:00;44.127026;5.990034;862.0;5.0;595.0;4;1.25;4.5;0.6;12.0;montee;12.0;4.5;montee
121;2026-05-10T08:08:00+00:00;44.127056;5.990054;862.6;5.0;600.0;4;1.25;4.5;0.6;12.0;montee;12.0;4.5;montee
122;2026-05-10T08:08:04+00:00;44.127086;5.990074;863.2;5.0;605.0;4;1.25;4.5;0.6;12.0;montee;12.0;4.5;montee
123;2026-05-10T08:08:08+00:00;44.127116;5.990094;863.8;5.0;610.0;4;1.25;4.5;0.6;12.0;montee;12.0;4.5;montee
124;2026-05-10T08:08:12+00:00;44.127146;5.990114;864.4;5.0;615.0;4;1.25;4.5;0.6;12.0;montee;12.0;4.5;montee
125;2026-05-10T08:08:16+00:00;44.127176;5.990134;865.0;5.0;620.0;4;1.25;4.5;0.6;12.0;montee;12.0;4.5;montee
126;2026-05-10T08:08:20+00:00;44.127206;5.990154;865.6;5.0;625.0;4;1.25;4.5;0.6;12.0;montee;12.0;4.5;montee
127;2026-05-10T08:08:24+00:00;44.127236;5.990174;866.2;5.0;630.0;4;1.25;4.5;0.6;12.0;montee;12.0;4.5;montee
128;2026-05-10T08:08:28+00:00;44.127266;5.990194;866.8;5.0;635.0;4;1.25;4.5;0.6;12.0;montee;12.0;4.5;montee
129;2026-05-10T08:08:32+00:00;44.127296;5.990214;867.4;5.0;640.0;4;1.25;4.5;0.6;12.0;montee;12.0;4.5;montee
130;2026-05-10T08:08:36+00:00;44.127326;5.990234;868.0;5.0;645.0;4;1.25;4.5;0.6;12.0;montee;12.0;4.5;montee
131;2026-05-10T08:08:40+00:00;44.127356;5.990254;868.6;5.0;650.0;4;1.25;4.5;0.6;12.0;montee;12.0;4.5;montee
132;2026-05-10T08:08:44+00:00;44.127386;5.990274;869.2;5.0;655.0;4;1.25;4.5;0.6;12.0;montee;12.0;4.5;montee
133;2026-05-10T08:08:48+00:00;44.127416;5.990294;869.8;5.0;660.0;4;1.25;4.5;0.6;12.0;montee;12.0;4.5;montee
134;2026-05-10T08:08:52+00:00;44.127446;5.990314;870.4;5.0;665.0;4;1.25;4.5;0.6;12.0;montee;12.0;4.5;montee
135;2026-05-10T08:08:56+00:00;44.127476;5.990334;871.0;5.0;670.0;4;1.25;4.5;0.6;12.0;montee;12.0;4.5;montee
136;2026-05-10T08:09:00+00:00;44.127506;5.990354;871.6;5.0;675.0;4;1.25;4.5;0.6;12.0;montee;12.0;4.5;montee
137;2026-05-10T08:09:04+00:00;44.127536;5.990374;872.2;5.0;680.0;4;1.25;4.5;0.6;12.0;montee;12.0;4.5;montee
138;2026-05-10T08:09:08+00:00;44.127566;5.990394;872.8;5.0;685.0;4;1.25;4.5;0.6;12.0;montee;12.0;4.5;montee
139;2026-05-10T08:09:12+00:00;44.127596;5.990414;873.4;5.0;690.0;4;1.25;4.5;0.6;12.0;montee;12.0;4.5;montee
140;2026-05-10T08:09:16+00:00;44.127626;5.990434;874.0;5.0;695.0;4;1.25;4.5;0.6;12.0;montee;12.0;4.5;montee
141;2026-05-10T08:09:20+00:00;44.127656;5.990454;874.6;5.0;700.0;4;1.25;4.5;0.6;12.0;montee;12.0;4.5;montee
142;2026-05-10T08:09:24+00:00;44.127686;5.990474;875.2;5.0;705.0;4;1.25;4.5;0.6;12.0;montee;12.0;4.5;montee
143;2026-05-10T08:09:28+00:00;44.127716;5.990494;875.8;5.0;710.0;4;1.25;4.5;0.6;12.0;montee;12.0;4.5;montee
144;2026-05-10T08:09:32+00:00;44.127746;5.990514;876.4;5.0;715.0;4;1.25;4.5;0.6;12.0;montee;12.0;4.5;montee
145;2026-05-10T08:09:36+00:00;44.127776;5.990534;877.0;5.0;720.0;4;1.25;4.5;0.6;12.0;montee;12.0;4.5;montee
146;2026-05-10T08:09:40+00:00;44.127806;5.990554;877.6;5.0;725.0;4;1.25;4.5;0.6;12.0;montee;12.0;4.5;montee
147;2026-05-10T08:09:44+00:00;44.127836;5.990574;878.2;5.0;730.0;4;1.25;4.5;0.6;12.0;montee;12.0;4.5;montee
148;2026-05-10T08:09:48+00:00;44.127866;5.990594;878.8;5.0;735.0;4;1.25;4.5;0.6;12.0;montee;12.0;4.5;montee
149;2026-05-10T08:09:52+00:00;44.127896;5.990614;879.4;5.0;740.0;4;1.25;4.5;0.6;12.0;montee;12.0;4.5;montee
150;2026-05-10T08:09:56+00:00;44.127926;5.990634;880.0;5.0;745.0;4;1.25;4.5;0.6;12.0;montee;12.0;4.5;montee
151;2026-05-10T08:10:00+00:00;44.127956;5.990654;880.6;5.0;750.0;4;1.25;4.5;0.6;12.0;montee;12.0;4.5;montee
152;2026-05-10T08:10:04+00:00;44.127986;5.990674;881.2;5.0;755.0;4;1.25;4.5;0.6;12.0;montee;12.0;4.5;montee
153;2026-05-10T08:10:08+00:00;44.128016;5.990694;881.8;5.0;760.0;4;1.25;4.5;0.6;12.0;montee;12.0;4.5;montee
154;2026-05-10T08:10:12+00:00;44.128046;5.990714;882.4;5.0;765.0;4;1.25;4.5;0.6;12.0;montee;12.0;4.5;montee
155;2026-05-10T08:10:16+00:00;44.128076;5.990734;883.0;5.0;770.0;4;1.25;4.5;0.6;12.0;montee;12.0;4.5;montee
156;2026-05-10T08:10:20+00:00;44.128106;5.990754;883.6;5.0;775.0;4;1.25;4.5;0.6;12.0;montee;12.0;4.5;montee
157;2026-05-10T08:10:24+00:00;44.128136;5.990774;884.2;5.0;780.0;4;1.25;4.5;0.6;12.0;montee;12.0;4.5;montee
158;2026-05-10T08:10:28+00:00;44.128166;5.990794;884.8;5.0;785.0;4;1.25;4.5;0.6;12.0;montee;12.0;4.5;montee
159;2026-05-10T08:10:32+00:00;44.128196;5.990814;885.4;5.0;790.0;4;1.25;4.5;0.6;12.0;montee;12.0;4.5;montee
160;2026-05-10T08:10:36+00:00;44.128226;5.990834;886.0;5.0;795.0;4;1.25;4.5;0.6;12.0;montee;12.0;4.5;montee
161;2026-05-10T08:10:40+00:00;44.128256;5.990854;886.6;5.0;800.0;4;1.25;4.5;0.6;12.0;montee;12.0;4.5;montee
162;2026-05-10T08:10:44+00:00;44.128286;5.990874;887.2;5.0;805.0;4;1.25;4.5;0.6;12.0;montee;12.0;4.5;montee
163;2026-05-10T08:10:48+00:00;44.128316;5.990894;887.8;5.0;810.0;4;1.25;4.5;0.6;12.0;montee;12.0;4.5;montee
164;2026-05-10T08:10:52+00:00;44.128346;5.990914;888.4;5.0;815.0;4;1.25;4.5;0.6;12.0;montee;12.0;4.5;montee
165;2026-05-10T08:10:56+00:00;44.128376;5.990934;889.0;5.0;820.0;4;1.25;4.5;0.6;12.0;montee;12.0;4.5;montee
166;2026-05-10T08:11:00+00:00;44.128406;5.990954;889.6;5.0;825.0;4;1.25;4.5;0.6;12.0;montee;12.0;4.5;montee
167;2026-05-10T08:11:04+00:00;44.128436;5.990974;890.2;5.0;830.0;4;1.25;4.5;0.6;12.0;montee;12.0;4.5;montee
168;2026-05-10T08:11:08+00:00;44.128466;5.990994;890.8;5.0;835.0;4;1.25;4.5;0.6;12.0;montee;12.0;4.5;montee
169;2026-05-10T08:11:12+00:00;44.128496;5.991014;891.4;5.0;840.0;4;1.25;4.5;0.6;12.0;montee;12.0;4.5;montee
170;2026-05-10T08:11:16+00:00;44.128526;5.991034;892.0;5.0;845.0;4;1.25;4.5;0.6;12.0;montee;12.0;4.5;montee
171;2026-05-10T08:11:20+00:00;44.128556;5.991054;892.6;5.0;850.0;4;1.25;4.5;0.6;12.0;montee;12.0;4.5;montee
172;2026-05-10T08:11:24+00:00;44.128586;5.991074;893.2;5.0;855.0;4;1.25;4.5;0.6;12.0;montee;12.0;4.5;montee
173;2026-05-10T08:11:28+00:00;44.128616;5.991094;893.8;5.0;860.0;4;1.25;4.5;0.6;12.0;montee;12.0;4.5;montee
174;2026-05-10T08:11:32+00:00;44.128646;5.991114;894.4;5.0;865.0;4;1.25;4.5;0.6;12.0;montee;12.0;4.5;montee
175;2026-05-10T08:11:36+00:00;44.128676;5.991134;895.0;5.0;870.0;4;1.25;4.5;0.6;12.0;montee;12.0;4.5;montee
176;2026-05-10T08:11:40+00:00;44.128706;5.991154;895.6;5.0;875.0;4;1.25;4.5;0.6;12.0;montee;12.0;4.5;montee
177;2026-05-10T08:11:44+00:00;44.128736;5.991174;896.2;5.0;880.0;4;1.25;4.5;0.6;12.0;montee;12.0;4.5;montee
178;2026-05-10T08:11:48+00:00;44.128766;5.991194;896.8;5.0;885.0;4;1.25;4.5;0.6;12.0;montee;12.0;4.5;montee
179;2026-05-10T08:11:52+00:00;44.128796;5.991214;897.4;5.0;890.0;4;1.25;4.5;0.6;12.0;montee;12.0;4.5;montee
180;2026-05-10T08:11:56+00:00;44.128826;5.991234;898.0;5.0;895.0;4;1.25;4.5;0.6;12.0;montee;12.0;4.5;montee
181;2026-05-10T08:12:00+00:00;44.128856;5.991254;898.6;5.0;900.0;4;1.25;4.5;0.6;12.0;montee;12.0;4.5;montee
182;2026-05-10T08:12:04+00:00;44.128886;5.991274;899.2;5.0;905.0;4;1.25;4.5;0.6;12.0;montee;12.0;4.5;montee
183;2026-05-10T08:12:08+00:00;44.128916;5.991294;899.8;5.0;910.0;4;1.25;4.5;0.6;12.0;montee;12.0;4.5;montee
184;2026-05-10T08:12:12+00:00;44.128946;5.991314;900.4;5.0;915.0;4;1.25;4.5;0.6;12.0;montee;12.0;4.5;montee
185;2026-05-10T08:12:16+00:00;44.128976;5.991334;901.0;5.0;920.0;4;1.25;4.5;0.6;12.0;montee;12.0;4.5;montee
186;2026-05-10T08:12:20+00:00;44.129006;5.991354;901.6;5.0;925.0;4;1.25;4.5;0.6;12.0;montee;12.0;4.5;montee
187;2026-05-10T08:12:24+00:00;44.129036;5.991374;902.2;5.0;930.0;4;1.25;4.5;0.6;12.0;montee;12.0;4.5;montee
188;2026-05-10T08:12:28+00:00;44.129066;5.991394;902.8;5.0;935.0;4;1.25;4.5;0.6;12.0;montee;12.0;4.5;montee
189;2026-05-10T08:12:32+00:00;44.129096;5.991414;903.4;5.0;940.0;4;1.25;4.5;0.6;12.0;montee;12.0;4.5;montee
190;2026-05-10T08:12:36+00:00;44.129126;5.991434;904.0;5.0;945.0;4;1.25;4.5;0.6;12.0;montee;12.0;4.5;montee
191;2026-05-10T08:12:40+00:00;44.129156;5.991454;904.6;5.0;950.0;4;1.25;4.5;0.6;12.0;montee;12.0;4.5;montee
192;2026-05-10T08:12:44+00:00;44.129186;5.991474;905.2;5.0;955.0;4;1.25;4.5;0.6;12.0;montee;12.0;4.5;montee
193;2026-05-10T08:12:48+00:00;44.129216;5.991494;905.8;5.0;960.0;4;1.25;4.5;0.6;12.0;montee;12.0;4.5;montee
194;2026-05-10T08:12:52+00:00;44.129246;5.991514;906.4;5.0;965.0;4;1.25;4.5;0.6;12.0;montee;12.0;4.5;montee
195;2026-05-10T08:12:56+00:00;44.129276;5.991534;907.0;5.0;970.0;4;1.25;4.5;0.6;12.0;montee;12.0;4.5;montee
196;2026-05-10T08:13:00+00:00;44.129306;5.991554;907.6;5.0;975.0;4;1.25;4.5;0.6;12.0;montee;12.0;4.5;montee
197;2026-05-10T08:13:04+00:00;44.129336;5.991574;908.2;5.0;980.0;4;1.25;4.5;0.6;12.0;montee;12.0;4.5;montee
198;2026-05-10T08:13:08+00:00;44.129366;5.991594;908.8;5.0;985.0;4;1.25;4.5;0.6;12.0;montee;12.0;4.5;montee
199;2026-05-10T08:13:12+00:00;44.129396;5.991614;909.4;5.0;990.0;4;1.25;4.5;0.6;12.0;montee;12.0;4.5;montee
200;2026-05-10T08:13:16+00:00;44.129426;5.991634;910.0;5.0;995.0;4;1.25;4.5;0.6;12.0;montee;12.0;4.5;montee
201;2026-05-10T08:13:20+00:00;44.129456;5.991654;910.6;5.0;1000.0;4;1.25;4.5;0.6;12.0;montee;12.0;4.5;montee
202;2026-05-10T08:13:24+00:00;44.129486;5.991674;911.2;5.0;1005.0;4;1.25;4.5;0.6;12.0;montee;12.0;4.5;montee
203;2026-05-10T08:13:28+00:00;44.129516;5.991694;911.8;5.0;1010.0;4;1.25;4.5;0.6;12.0;montee;12.0;4.5;montee
204;2026-05-10T08:13:32+00:00;44.129546;5.991714;912.4;5.0;1015.0;4;1.25;4.5;0.6;12.0;montee;12.0;4.5;montee
205;2026-05-10T08:13:36+00:00;44.129576;5.991734;913.0;5.0;1020.0;4;1.25;4.5;0.6;12.0;montee;12.0;4.5;montee
206;2026-05-10T08:13:40+00:00;44.129606;5.991754;913.6;5.0;1025.0;4;1.25;4.5;0.6;12.0;montee;12.0;4.5;montee
207;2026-05-10T08:13:44+00:00;44.129636;5.991774;914.2;5.0;1030.0;4;1.25;4.5;0.6;12.0;montee;12.0;4.5;montee
208;2026-05-10T08:13:48+00:00;44.129666;5.991794;914.8;5.0;1035.0;4;1.25;4.5;0.6;12.0;montee;12.0;4.5;montee
209;2026-05-10T08:13:52+00:00;44.129696;5.991814;915.4;5.0;1040.0;4;1.25;4.5;0.6;12.0;montee;12.0;4.5;montee
210;2026-05-10T08:13:56+00:00;44.129726;5.991834;916.0;5.0;1045.0;4;1.25;4.5;0.6;12.0;montee;12.0;4.5;montee
211;2026-05-10T08:14:00+00:00;44.129756;5.991854;916.6;5.0;1050.0;4;1.25;4.5;0.6;12.0;montee;12.0;4.5;montee
212;2026-05-10T08:14:04+00:00;44.129786;5.991874;917.2;5.0;1055.0;4;1.25;4.5;0.6;12.0;montee;12.0;4.5;montee
213;2026-05-10T08:14:08+00:00;44.129816;5.991894;917.8;5.0;1060.0;4;1.25;4.5;0.6;12.0;montee;12.0;4.5;montee
214;2026-05-10T08:14:12+00:00;44.129846;5.991914;918.4;5.0;1065.0;4;1.25;4.5;0.6;12.0;montee;12.0;4.5;montee
215;2026-05-10T08:14:16+00:00;44.129876;5.991934;919.0;5.0;1070.0;4;1.25;4.5;0.6;12.0;montee;12.0;4.5;montee
216;2026-05-10T08:14:20+00:00;44.129906;5.991954;919.6;5.0;1075.0;4;1.25;4.5;0.6;12.0;montee;12.0;4.5;montee
217;2026-05-10T08:14:24+00:00;44.129936;5.991974;920.2;5.0;1080.0;4;1.25;4.5;0.6;12.0;montee;12.0;4.5;montee
218;2026-05-10T08:14:28+00:00;44.129966;5.991994;920.8;5.0;1085.0;4;1.25;4.5;0.6;12.0;montee;12.0;4.5;montee
219;2026-05-10T08:14:32+00:00;44.129996;5.992014;921.4;5.0;1090.0;4;1.25;4.5;0.6;12.0;montee;12.0;4.5;montee
220;2026-05-10T08:14:36+00:00;44.130026;5.992034;922.0;5.0;1095.0;4;1.25;4.5;0.6;12.0;montee;12.0;4.5;montee
221;2026-05-10T08:14:40+00:00;44.130056;5.992054;922.6;5.0;1100.0;4;1.25;4.5;0.6;12.0;montee;12.0;4.5;montee
222;2026-05-10T08:14:44+00:00;44.130086;5.992074;923.2;5.0;1105.0;4;1.25;4.5;0.6;12.0;montee;12.0;4.5;montee
223;2026-05-10T08:14:48+00:00;44.130116;5.992094;923.8;5.0;1110.0;4;1.25;4.5;0.6;12.0;montee;12.0;4.5;montee
224;2026-05-10T08:14:52+00:00;44.130146;5.992114;924.4;5.0;1115.0;4;1.25;4.5;0.6;12.0;montee;12.0;4.5;montee
225;2026-05-10T08:14:56+00:00;44.130176;5.992134;925.0;5.0;1120.0;4;1.25;4.5;0.6;12.0;montee;12.0;4.5;montee
226;2026-05-10T08:15:00+00:00;44.130206;5.992154;925.6;5.0;1125.0;4;1.25;4.5;0.6;12.0;montee;12.0;4.5;montee
227;2026-05-10T08:15:04+00:00;44.130236;5.992174;926.2;5.0;1130.0;4;1.25;4.5;0.6;12.0;montee;12.0;4.5;montee
228;2026-05-10T08:15:08+00:00;44.130266;5.992194;926.8;5.0;1135.0;4;1.25;4.5;0.6;12.0;montee;12.0;4.5;montee
229;2026-05-10T08:15:12+00:00;44.130296;5.992214;927.4;5.0;1140.0;4;1.25;4.5;0.6;12.0;montee;12.0;4.5;montee
230;2026-05-10T08:15:16+00:00;44.130326;5.992234;928.0;5.0;1145.0;4;1.25;4.5;0.6;12.0;montee;12.0;4.5;montee
231;2026-05-10T08:15:20+00:00;44.130356;5.992254;928.6;5.0;1150.0;4;1.25;4.5;0.6;12.0;montee;12.0;4.5;montee
232;2026-05-10T08:15:24+00:00;44.130386;5.992274;929.2;5.0;1155.0;4;1.25;4.5;0.6;12.0;montee;12.0;4.5;montee
233;2026-05-10T08:15:28+00:00;44.130416;5.992294;929.8;5.0;1160.0;4;1.25;4.5;0.6;12.0;montee;12.0;4.5;montee
234;2026-05-10T08:15:32+00:00;44.130446;5.992314;930.4;5.0;1165.0;4;1.25;4.5;0.6;12.0;montee;12.0;4.5;montee
235;2026-05-10T08:15:36+00:00;44.130476;5.992334;931.0;5.0;1170.0;4;1.25;4.5;0.6;12.0;montee;12.0;4.5;montee
236;2026-05-10T08:15:40+00:00;44.130506;5.992354;931.6;5.0;1175.0;4;1.25;4.5;0.6;12.0;montee;12.0;4.5;montee
237;2026-05-10T08:15:44+00:00;44.130536;5.992374;932.2;5.0;1180.0;4;1.25;4.5;0.6;12.0;montee;12.0;4.5;montee
238;2026-05-10T08:15:48+00:00;44.130566;5.992394;932.8;5.0;1185.0;4;1.25;4.5;0.6;12.0;montee;12.0;4.5;montee
239;2026-05-10T08:15:52+00:00;44.130596;5.992414;933.4;5.0;1190.0;4;1.25;4.5;0.6;12.0;montee;12.0;4.5;montee
240;2026-05-10T08:15:56+00:00;44.130626;5.992434;934.0;5.0;1195.0;4;1.25;4.5;0.6;12.0;montee;12.0;4.5;montee
241;2026-05-10T08:16:00+00:00;44.130656;5.992454;934.6;5.0;1200.0;4;1.25;4.5;0.6;12.0;montee;12.0;4.5;montee
242;2026-05-10T08:16:04+00:00;44.130686;5.992474;935.2;5.0;1205.0;4;1.25;4.5;0.6;12.0;montee;12.0;4.5;montee
243;2026-05-10T08:16:08+00:00;44.130716;5.992494;935.8;5.0;1210.0;4;1.25;4.5;0.6;12.0;montee;12.0;4.5;montee
244;2026-05-10T08:16:12+00:00;44.130746;5.992514;936.4;5.0;1215.0;4;1.25;4.5;0.6;12.0;montee;12.0;4.5;montee
245;2026-05-10T08:16:16+00:00;44.130776;5.992534;937.0;5.0;1220.0;4;1.25;4.5;0.6;12.0;montee;12.0;4.5;montee
246;2026-05-10T08:16:20+00:00;44.130806;5.992554;937.6;5.0;1225.0;4;1.25;4.5;0.6;12.0;montee;12.0;4.5;montee
247;2026-05-10T08:16:24+00:00;44.130836;5.992574;938.2;5.0;1230.0;4;1.25;4.5;0.6;12.0;montee;12.0;4.5;montee
248;2026-05-10T08:16:28+00:00;44.130866;5.992594;938.8;5.0;1235.0;4;1.25;4.5;0.6;12.0;montee;12.0;4.5;montee
249;2026-05-10T08:16:32+00:00;44.130896;5.992614;939.4;5.0;1240.0;4;1.25;4.5;0.6;12.0;montee;12.0;4.5;montee
250;2026-05-10T08:16:36+00:00;44.130926;5.992634;940.0;5.0;1245.0;4;1.25;4.5;0.6;12.0;montee;12.0;4.5;montee
251;2026-05-10T08:16:40+00:00;44.130956;5.992654;940.6;5.0;1250.0;4;1.25;4.5;0.6;12.0;montee;12.0;4.5;montee
252;2026-05-10T08:16:44+00:00;44.130986;5.992674;941.2;5.0;1255.0;4;1.25;4.5;0.6;12.0;montee;12.0;4.5;montee
253;2026-05-10T08:16:48+00:00;44.131016;5.992694;941.8;5.0;1260.0;4;1.25;4.5;0.6;12.0;montee;12.0;4.5;montee
254;2026-05-10T08:16:52+00:00;44.131046;5.992714;942.4;5.0;1265.0;4;1.25;4.5;0.6;12.0;montee;12.0;4.5;montee
255;2026-05-10T08:16:56+00:00;44.131076;5.992734;943.0;5.0;1270.0;4;1.25;4.5;0.6;12.0;montee;12.0;4.5;montee
256;2026-05-10T08:17:00+00:00;44.131106;5.992754;943.6;5.0;1275.0;4;1.25;4.5;0.6;12.0;montee;12.0;4.5;montee
257;2026-05-10T08:17:04+00:00;44.131136;5.992774;944.2;5.0;1280.0;4;1.25;4.5;0.6;12.0;montee;12.0;4.5;montee
258;2026-05-10T08:17:08+00:00;44.131166;5.992794;944.8;5.0;1285.0;4;1.25;4.5;0.6;12.0;montee;12.0;4.5;montee
259;2026-05-10T08:17:12+00:00;44.131196;5.992814;945.4;5.0;1290.0;4;1.25;4.5;0.6;12.0;montee;9.6;4.5;montee
260;2026-05-10T08:17:16+00:00;44.131226;5.992834;946.0;5.0;1295.0;4;1.25;4.5;0.6;12.0;montee;7.2;4.5;montee
261;2026-05-10T08:17:20+00:00;44.131256;5.992854;946.0;5.0;1300.0;4;1.25;4.5;0.0;0.0;plat;4.8;4.5;montee
262;2026-05-10T08:17:24+00:00;44.131286;5.992874;946.0;5.0;1305.0;4;1.25;4.5;0.0;0.0;plat;2.4;4.5;plat
263;2026-05-10T08:17:28+00:00;44.131316;5.992894;946.0;5.0;1310.0;4;1.25;4.5;0.0;0.0;plat;0.0;4.5;plat
264;2026-05-10T08:17:32+00:00;44.131346;5.992914;946.0;5.0;1315.0;4;1.25;4.5;0.0;0.0;plat;0.0;4.5;plat
265;2026-05-10T08:17:36+00:00;44.131376;5.992934;946.0;5.0;1320.0;4;1.25;4.5;0.0;0.0;plat;0.0;4.5;plat
266;2026-05-10T08:17:40+00:00;44.131406;5.992954;946.0;5.0;1325.0;4;1.25;4.5;0.0;0.0;plat;0.0;4.5;plat
267;2026-05-10T08:17:44+00:00;44.131436;5.992974;946.0;5.0;1330.0;4;1.25;4.5;0.0;0.0;plat;0.0;4.5;plat
268;2026-05-10T08:17:48+00:00;44.131466;5.992994;946.0;5.0;1335.0;4;1.25;4.5;0.0;0.0;plat;0.0;4.5;plat
269;2026-05-10T08:17:52+00:00;44.131496;5.993014;946.0;5.0;1340.0;4;1.25;4.5;0.0;0.0;plat;0.0;4.5;plat
270;2026-05-10T08:17:56+00:00;44.131526;5.993034;946.0;5.0;1345.0;4;1.25;4.5;0.0;0.0;plat;0.0;4.5;plat
271;2026-05-10T08:18:00+00:00;44.131556;5.993054;946.0;5.0;1350.0;4;1.25;4.5;0.0;0.0;plat;0.0;4.5;plat
272;2026-05-10T08:18:04+00:00;44.131586;5.993074;946.0;5.0;1355.0;4;1.25;4.5;0.0;0.0;plat;0.0;4.5;plat
273;2026-05-10T08:18:08+00:00;44.131616;5.993094;946.0;5.0;1360.0;4;1.25;4.5;0.0;0.0;plat;0.0;4.5;plat
274;2026-05-10T08:18:12+00:00;44.131646;5.993114;946.0;5.0;1365.0;4;1.25;4.5;0.0;0.0;plat;0.0;4.5;plat
275;2026-05-10T08:18:16+00:00;44.131676;5.993134;946.0;5.0;1370.0;4;1.25;4.5;0.0;0.0;plat;0.0;4.5;plat
276;2026-05-10T08:18:20+00:00;44.131706;5.993154;946.0;5.0;1375.0;4;1.25;4.5;0.0;0.0;plat;0.0;4.5;plat
277;2026-05-10T08:18:24+00:00;44.131736;5.993174;946.0;5.0;1380.0;4;1.25;4.5;0.0;0.0;plat;0.0;4.5;plat
278;2026-05-10T08:18:28+00:00;44.131766;5.993194;946.0;5.0;1385.0;4;1.25;4.5;0.0;0.0;plat;0.0;4.5;plat
279;2026-05-10T08:18:32+00:00;44.131796;5.993214;946.0;5.0;1390.0;4;1.25;4.5;0.0;0.0;plat;0.0;4.5;plat
280;2026-05-10T08:18:36+00:00;44.131826;5.993234;946.0;5.0;1395.0;4;1.25;4.5;0.0;0.0;plat;0.0;4.5;plat
281;2026-05-10T08:18:40+00:00;44.131856;5.993254;946.0;5.0;1400.0;4;1.25;4.5;0.0;0.0;plat;0.0;4.5;plat
282;2026-05-10T08:18:44+00:00;44.131886;5.993274;946.0;5.0;1405.0;4;1.25;4.5;0.0;0.0;plat;0.0;4.5;plat
283;2026-05-10T08:18:48+00:00;44.131916;5.993294;946.0;5.0;1410.0;4;1.25;4.5;0.0;0.0;plat;0.0;4.5;plat
284;2026-05-10T08:18:52+00:00;44.131946;5.993314;946.0;5.0;1415.0;4;1.25;4.5;0.0;0.0;plat;0.0;4.5;plat
285;2026-05-10T08:18:56+00:00;44.131976;5.993334;946.0;5.0;1420.0;4;1.25;4.5;0.0;0.0;plat;0.0;4.5;plat
286;2026-05-10T08:19:00+00:00;44.132006;5.993354;946.0;5.0;1425.0;4;1.25;4.5;0.0;0.0;plat;0.0;4.5;plat
287;2026-05-10T08:19:04+00:00;44.132036;5.993374;946.0;5.0;1430.0;4;1.25;4.5;0.0;0.0;plat;0.0;4.5;plat
288;2026-05-10T08:19:08+00:00;44.132066;5.993394;946.0;5.0;1435.0;4;1.25;4.5;0.0;0.0;plat;0.0;4.5;plat
289;2026-05-10T08:19:12+00:00;44.132096;5.993414;946.0;5.0;1440.0;4;1.25;4.5;0.0;0.0;plat;0.0;4.5;plat
290;2026-05-10T08:19:16+00:00;44.132126;5.993434;946.0;5.0;1445.0;4;1.25;4.5;0.0;0.0;plat;0.0;4.5;plat
291;2026-05-10T08:19:20+00:00;44.132156;5.993454;946.0;5.0;1450.0;4;1.25;4.5;0.0;0.0;plat;0.0;4.5;plat
292;2026-05-10T08:19:24+00:00;44.132186;5.993474;946.0;5.0;1455.0;4;1.25;4.5;0.0;0.0;plat;0.0;4.5;plat
293;2026-05-10T08:19:28+00:00;44.132216;5.993494;946.0;5.0;1460.0;4;1.25;4.5;0.0;0.0;plat;0.0;4.5;plat
294;2026-05-10T08:19:32+00:00;44.132246;5.993514;946.0;5.0;1465.0;4;1.25;4.5;0.0;0.0;plat;0.0;4.5;plat
295;2026-05-10T08:19:36+00:00;44.132276;5.993534;946.0;5.0;1470.0;4;1.25;4.5;0.0;0.0;plat;0.0;4.5;plat
296;2026-05-10T08:19:40+00:00;44.132306;5.993554;946.0;5.0;1475.0;4;1.25;4.5;0.0;0.0;plat;0.0;4.5;plat
297;2026-05-10T08:19:44+00:00;44.132336;5.993574;946.0;5.0;1480.0;4;1.25;4.5;0.0;0.0;plat;0.0;4.5;plat
298;2026-05-10T08:19:48+00:00;44.132366;5.993594;946.0;5.0;1485.0;4;1.25;4.5;0.0;0.0;plat;0.0;4.5;plat
299;2026-05-10T08:19:52+00:00;44.132396;5.993614;946.0;5.0;1490.0;4;1.25;4.5;0.0;0.0;plat;0.0;4.5;plat
300;2026-05-10T08:19:56+00:00;44.132426;5.993634;946.0;5.0;1495.0;4;1.25;4.5;0.0;0.0;plat;0.0;4.5;plat
301;2026-05-10T08:20:00+00:00;44.132456;5.993654;946.0;5.0;1500.0;4;1.25;4.5;0.0;0.0;plat;0.0;4.5;plat
302;2026-05-10T08:20:04+00:00;44.132486;5.993674;946.0;5.0;1505.0;4;1.25;4.5;0.0;0.0;plat;0.0;4.5;plat
303;2026-05-10T08:20:08+00:00;44.132516;5.993694;946.0;5.0;1510.0;4;1.25;4.5;0.0;0.0;plat;0.0;4.5;plat
304;2026-05-10T08:20:12+00:00;44.132546;5.993714;946.0;5.0;1515.0;4;1.25;4.5;0.0;0.0;plat;0.0;4.5;plat
305;2026-05-10T08:20:16+00:00;44.132576;5.993734;946.0;5.0;1520.0;4;1.25;4.5;0.0;0.0;plat;0.0;4.5;plat
306;2026-05-10T08:20:20+00:00;44.132606;5.993754;946.0;5.0;1525.0;4;1.25;4.5;0.0;0.0;plat;0.0;4.5;plat
307;2026-05-10T08:20:24+00:00;44.132636;5.993774;946.0;5.0;1530.0;4;1.25;4.5;0.0;0.0;plat;0.0;4.5;plat
308;2026-05-10T08:20:28+00:00;44.132666;5.993794;946.0;5.0;1535.0;4;1.25;4.5;0.0;0.0;plat;0.0;4.5;plat
309;2026-05-10T08:20:32+00:00;44.132696;5.993814;946.0;5.0;1540.0;4;1.25;4.5;0.0;0.0;plat;0.0;4.5;plat
310;2026-05-10T08:20:36+00:00;44.132726;5.993834;946.0;5.0;1545.0;4;1.25;4.5;0.0;0.0;plat;0.0;4.5;plat
311;2026-05-10T08:20:40+00:00;44.132756;5.993854;946.0;5.0;1550.0;4;1.25;4.5;0.0;0.0;plat;0.0;4.5;plat
312;2026-05-10T08:20:44+00:00;44.132786;5.993874;946.0;5.0;1555.0;4;1.25;4.5;0.0;0.0;plat;0.0;4.5;plat
313;2026-05-10T08:20:48+00:00;44.132816;5.993894;946.0;5.0;1560.0;4;1.25;4.5;0.0;0.0;plat;0.0;4.5;plat
314;2026-05-10T08:20:52+00:00;44.132846;5.993914;946.0;5.0;1565.0;4;1.25;4.5;0.0;0.0;plat;0.0;4.5;plat
315;2026-05-10T08:20:56+00:00;44.132876;5.993934;946.0;5.0;1570.0;4;1.25;4.5;0.0;0.0;plat;0.0;4.5;plat
316;2026-05-10T08:21:00+00:00;44.132906;5.993954;946.0;5.0;1575.0;4;1.25;4.5;0.0;0.0;plat;0.0;4.5;plat
317;2026-05-10T08:21:04+00:00;44.132936;5.993974;946.0;5.0;1580.0;4;1.25;4.5;0.0;0.0;plat;0.0;4.5;plat
318;2026-05-10T08:21:08+00:00;44.132966;5.993994;946.0;5.0;1585.0;4;1.25;4.5;0.0;0.0;plat;0.0;4.5;plat
319;2026-05-10T08:21:12+00:00;44.132996;5.994014;946.0;5.0;1590.0;4;1.25;4.5;0.0;0.0;plat;-2.0;4.5;plat
320;2026-05-10T08:21:16+00:00;44.133026;5.994034;946.0;5.0;1595.0;4;1.25;4.5;0.0;0.0;plat;-4.0;4.5;descente
321;2026-05-10T08:21:20+00:00;44.133056;5.994054;945.5;5.0;1600.0;4;1.25;4.5;-0.5;-10.0;descente;-6.0;4.5;descente
322;2026-05-10T08:21:24+00:00;44.133086;5.994074;945.0;5.0;1605.0;4;1.25;4.5;-0.5;-10.0;descente;-8.0;4.5;descente
323;2026-05-10T08:21:28+00:00;44.133116;5.994094;944.5;5.0;1610.0;4;1.25;4.5;-0.5;-10.0;descente;-10.0;4.5;descente
324;2026-05-10T08:21:32+00:00;44.133146;5.994114;944.0;5.0;1615.0;4;1.25;4.5;-0.5;-10.0;descente;-10.0;4.5;descente
325;2026-05-10T08:21:36+00:00;44.133176;5.994134;943.5;5.0;1620.0;4;1.25;4.5;-0.5;-10.0;descente;-10.0;4.5;descente
326;2026-05-10T08:21:40+00:00;44.133206;5.994154;943.0;5.0;1625.0;4;1.25;4.5;-0.5;-10.0;descente;-10.0;4.5;descente
327;2026-05-10T08:21:44+00:00;44.133236;5.994174;942.5;5.0;1630.0;4;1.25;4.5;-0.5;-10.0;descente;-10.0;4.5;descente
328;2026-05-10T08:21:48+00:00;44.133266;5.994194;942.0;5.0;1635.0;4;1.25;4.5;-0.5;-10.0;descente;-10.0;4.5;descente
329;2026-05-10T08:21:52+00:00;44.133296;5.994214;941.5;5.0;1640.0;4;1.25;4.5;-0.5;-10.0;descente;-10.0;4.5;descente
330;2026-05-10T08:21:56+00:00;44.133326;5.994234;941.0;5.0;1645.0;4;1.25;4.5;-0.5;-10.0;descente;-10.0;4.5;descente
331;2026-05-10T08:22:00+00:00;44.133356;5.994254;940.5;5.0;1650.0;4;1.25;4.5;-0.5;-10.0;descente;-10.0;4.5;descente
332;2026-05-10T08:22:04+00:00;44.133386;5.994274;940.0;5.0;1655.0;4;1.25;4.5;-0.5;-10.0;descente;-10.0;4.5;descente
333;2026-05-10T08:22:08+00:00;44.133416;5.994294;939.5;5.0;1660.0;4;1.25;4.5;-0.5;-10.0;descente;-10.0;4.5;descente
334;2026-05-10T08:22:12+00:00;44.133446;5.994314;939.0;5.0;1665.0;4;1.25;4.5;-0.5;-10.0;descente;-10.0;4.5;descente
335;2026-05-10T08:22:16+00:00;44.133476;5.994334;938.5;5.0;1670.0;4;1.25;4.5;-0.5;-10.0;descente;-10.0;4.5;descente
336;2026-05-10T08:22:20+00:00;44.133506;5.994354;938.0;5.0;1675.0;4;1.25;4.5;-0.5;-10.0;descente;-10.0;4.5;descente
337;2026-05-10T08:22:24+00:00;44.133536;5.994374;937.5;5.0;1680.0;4;1.25;4.5;-0.5;-10.0;descente;-10.0;4.5;descente
338;2026-05-10T08:22:28+00:00;44.133566;5.994394;937.0;5.0;1685.0;4;1.25;4.5;-0.5;-10.0;descente;-10.0;4.5;descente
339;2026-05-10T08:22:32+00:00;44.133596;5.994414;936.5;5.0;1690.0;4;1.25;4.5;-0.5;-10.0;descente;-10.0;4.5;descente
340;2026-05-10T08:22:36+00:00;44.133626;5.994434;936.0;5.0;1695.0;4;1.25;4.5;-0.5;-10.0;descente;-10.0;4.5;descente
341;2026-05-10T08:22:40+00:00;44.133656;5.994454;935.5;5.0;1700.0;4;1.25;4.5;-0.5;-10.0;descente;-10.0;4.5;descente
342;2026-05-10T08:22:44+00:00;44.133686;5.994474;935.0;5.0;1705.0;4;1.25;4.5;-0.5;-10.0;descente;-10.0;4.5;descente
343;2026-05-10T08:22:48+00:00;44.133716;5.994494;934.5;5.0;1710.0;4;1.25;4.5;-0.5;-10.0;descente;-10.0;4.5;descente
344;2026-05-10T08:22:52+00:00;44.133746;5.994514;934.0;5.0;1715.0;4;1.25;4.5;-0.5;-10.0;descente;-10.0;4.5;descente
345;2026-05-10T08:22:56+00:00;44.133776;5.994534;933.5;5.0;1720.0;4;1.25;4.5;-0.5;-10.0;descente;-10.0;4.5;descente
346;2026-05-10T08:23:00+00:00;44.133806;5.994554;933.0;5.0;1725.0;4;1.25;4.5;-0.5;-10.0;descente;-10.0;4.5;descente
347;2026-05-10T08:23:04+00:00;44.133836;5.994574;932.5;5.0;1730.0;4;1.25;4.5;-0.5;-10.0;descente;-10.0;4.5;descente
348;2026-05-10T08:23:08+00:00;44.133866;5.994594;932.0;5.0;1735.0;4;1.25;4.5;-0.5;-10.0;descente;-10.0;4.5;descente
349;2026-05-10T08:23:12+00:00;44.133896;5.994614;931.5;5.0;1740.0;4;1.25;4.5;-0.5;-10.0;descente;-10.0;4.5;descente
350;2026-05-10T08:23:16+00:00;44.133926;5.994634;931.0;5.0;1745.0;4;1.25;4.5;-0.5;-10.0;descente;-10.0;4.5;descente
351;2026-05-10T08:23:20+00:00;44.133956;5.994654;930.5;5.0;1750.0;4;1.25;4.5;-0.5;-10.0;descente;-10.0;4.5;descente
352;2026-05-10T08:23:24+00:00;44.133986;5.994674;930.0;5.0;1755.0;4;1.25;4.5;-0.5;-10.0;descente;-10.0;4.5;descente
353;2026-05-10T08:23:28+00:00;44.134016;5.994694;929.5;5.0;1760.0;4;1.25;4.5;-0.5;-10.0;descente;-10.0;4.5;descente
354;2026-05-10T08:23:32+00:00;44.134046;5.994714;929.0;5.0;1765.0;4;1.25;4.5;-0.5;-10.0;descente;-10.0;4.5;descente
355;2026-05-10T08:23:36+00:00;44.134076;5.994734;928.5;5.0;1770.0;4;1.25;4.5;-0.5;-10.0;descente;-10.0;4.5;descente
356;2026-05-10T08:23:40+00:00;44.134106;5.994754;928.0;5.0;1775.0;4;1.25;4.5;-0.5;-10.0;descente;-10.0;4.5;descente
357;2026-05-10T08:23:44+00:00;44.134136;5.994774;927.5;5.0;1780.0;4;1.25;4.5;-0.5;-10.0;descente;-10.0;4.5;descente
358;2026-05-10T08:23:48+00:00;44.134166;5.994794;927.0;5.0;1785.0;4;1.25;4.5;-0.5;-10.0;descente;-10.0;4.5;descente
359;2026-05-10T08:23:52+00:00;44.134196;5.994814;926.5;5.0;1790.0;4;1.25;4.5;-0.5;-10.0;descente;-10.0;4.5;descente
360;2026-05-10T08:23:56+00:00;44.134226;5.994834;926.0;5.0;1795.0;4;1.25;4.5;-0.5;-10.0;descente;-10.0;4.5;descente
361;2026-05-10T08:24:00+00:00;44.134256;5.994854;925.5;5.0;1800.0;4;1.25;4.5;-0.5;-10.0;descente;-10.0;4.5;descente
362;2026-05-10T08:24:04+00:00;44.134286;5.994874;925.0;5.0;1805.0;4;1.25;4.5;-0.5;-10.0;descente;-10.0;4.5;descente
363;2026-05-10T08:24:08+00:00;44.134316;5.994894;924.5;5.0;1810.0;4;1.25;4.5;-0.5;-10.0;descente;-10.0;4.5;descente
364;2026-05-10T08:24:12+00:00;44.134346;5.994914;924.0;5.0;1815.0;4;1.25;4.5;-0.5;-10.0;descente;-10.0;4.5;descente
365;2026-05-10T08:24:16+00:00;44.134376;5.994934;923.5;5.0;1820.0;4;1.25;4.5;-0.5;-10.0;descente;-10.0;4.5;descente
366;2026-05-10T08:24:20+00:00;44.134406;5.994954;923.0;5.0;1825.0;4;1.25;4.5;-0.5;-10.0;descente;-10.0;4.5;descente
367;2026-05-10T08:24:24+00:00;44.134436;5.994974;922.5;5.0;1830.0;4;1.25;4.5;-0.5;-10.0;descente;-10.0;4.5;descente
368;2026-05-10T08:24:28+00:00;44.134466;5.994994;922.0;5.0;1835.0;4;1.25;4.5;-0.5;-10.0;descente;-10.0;4.5;descente
369;2026-05-10T08:24:32+00:00;44.134496;5.995014;921.5;5.0;1840.0;4;1.25;4.5;-0.5;-10.0;descente;-10.0;4.5;descente
370;2026-05-10T08:24:36+00:00;44.134526;5.995034;921.0;5.0;1845.0;4;1.25;4.5;-0.5;-10.0;descente;-10.0;4.5;descente
371;2026-05-10T08:24:40+00:00;44.134556;5.995054;920.5;5.0;1850.0;4;1.25;4.5;-0.5;-10.0;descente;-10.0;4.5;descente
372;2026-05-10T08:24:44+00:00;44.134586;5.995074;920.0;5.0;1855.0;4;1.25;4.5;-0.5;-10.0;descente;-10.0;4.5;descente
373;2026-05-10T08:24:48+00:00;44.134616;5.995094;919.5;5.0;1860.0;4;1.25;4.5;-0.5;-10.0;descente;-10.0;4.5;descente
374;2026-05-10T08:24:52+00:00;44.134646;5.995114;919.0;5.0;1865.0;4;1.25;4.5;-0.5;-10.0;descente;-10.0;4.5;descente
375;2026-05-10T08:24:56+00:00;44.134676;5.995134;918.5;5.0;1870.0;4;1.25;4.5;-0.5;-10.0;descente;-10.0;4.5;descente
376;2026-05-10T08:25:00+00:00;44.134706;5.995154;918.0;5.0;1875.0;4;1.25;4.5;-0.5;-10.0;descente;-10.0;4.5;descente
377;2026-05-10T08:25:04+00:00;44.134736;5.995174;917.5;5.0;1880.0;4;1.25;4.5;-0.5;-10.0;descente;-10.0;4.5;descente
378;2026-05-10T08:25:08+00:00;44.134766;5.995194;917.0;5.0;1885.0;4;1.25;4.5;-0.5;-10.0;descente;-10.0;4.5;descente
379;2026-05-10T08:25:12+00:00;44.134796;5.995214;916.5;5.0;1890.0;4;1.25;4.5;-0.5;-10.0;descente;-10.0;4.5;descente
380;2026-05-10T08:25:16+00:00;44.134826;5.995234;916.0;5.0;1895.0;4;1.25;4.5;-0.5;-10.0;descente;-10.0;4.5;descente
381;2026-05-10T08:25:20+00:00;44.134856;5.995254;915.5;5.0;1900.0;4;1.25;4.5;-0.5;-10.0;descente;-10.0;4.5;descente
382;2026-05-10T08:25:24+00:00;44.134886;5.995274;915.0;5.0;1905.0;4;1.25;4.5;-0.5;-10.0;descente;-10.0;4.5;descente
383;2026-05-10T08:25:28+00:00;44.134916;5.995294;914.5;5.0;1910.0;4;1.25;4.5;-0.5;-10.0;descente;-10.0;4.5;descente
384;2026-05-10T08:25:32+00:00;44.134946;5.995314;914.0;5.0;1915.0;4;1.25;4.5;-0.5;-10.0;descente;-10.0;4.5;descente
385;2026-05-10T08:25:36+00:00;44.134976;5.995334;913.5;5.0;1920.0;4;1.25;4.5;-0.5;-10.0;descente;-10.0;4.5;descente
386;2026-05-10T08:25:40+00:00;44.135006;5.995354;913.0;5.0;1925.0;4;1.25;4.5;-0.5;-10.0;descente;-10.0;4.5;descente
387;2026-05-10T08:25:44+00:00;44.135036;5.995374;912.5;5.0;1930.0;4;1.25;4.5;-0.5;-10.0;descente;-10.0;4.5;descente
388;2026-05-10T08:25:48+00:00;44.135066;5.995394;912.0;5.0;1935.0;4;1.25;4.5;-0.5;-10.0;descente;-10.0;4.5;descente
389;2026-05-10T08:25:52+00:00;44.135096;5.995414;911.5;5.0;1940.0;4;1.25;4.5;-0.5;-10.0;descente;-10.0;4.5;descente
390;2026-05-10T08:25:56+00:00;44.135126;5.995434;911.0;5.0;1945.0;4;1.25;4.5;-0.5;-10.0;descente;-10.0;4.5;descente
391;2026-05-10T08:26:00+00:00;44.135156;5.995454;910.5;5.0;1950.0;4;1.25;4.5;-0.5;-10.0;descente;-10.0;4.5;descente
392;2026-05-10T08:26:04+00:00;44.135186;5.995474;910.0;5.0;1955.0;4;1.25;4.5;-0.5;-10.0;descente;-10.0;4.5;descente
393;2026-05-10T08:26:08+00:00;44.135216;5.995494;909.5;5.0;1960.0;4;1.25;4.5;-0.5;-10.0;descente;-10.0;4.5;descente
394;2026-05-10T08:26:12+00:00;44.135246;5.995514;909.0;5.0;1965.0;4;1.25;4.5;-0.5;-10.0;descente;-10.0;4.5;descente
395;2026-05-10T08:26:16+00:00;44.135276;5.995534;908.5;5.0;1970.0;4;1.25;4.5;-0.5;-10.0;descente;-10.0;4.5;descente
396;2026-05-10T08:26:20+00:00;44.135306;5.995554;908.0;5.0;1975.0;4;1.25;4.5;-0.5;-10.0;descente;-10.0;4.5;descente
397;2026-05-10T08:26:24+00:00;44.135336;5.995574;907.5;5.0;1980.0;4;1.25;4.5;-0.5;-10.0;descente;-10.0;4.5;descente
398;2026-05-10T08:26:28+00:00;44.135366;5.995594;907.0;5.0;1985.0;4;1.25;4.5;-0.5;-10.0;descente;-10.0;4.5;descente
399;2026-05-10T08:26:32+00:00;44.135396;5.995614;906.5;5.0;1990.0;4;1.25;4.5;-0.5;-10.0;descente;-10.0;4.5;descente
400;2026-05-10T08:26:36+00:00;44.135426;5.995634;906.0;5.0;1995.0;4;1.25;4.5;-0.5;-10.0;descente;-10.0;4.5;descente
401;2026-05-10T08:26:40+00:00;44.135456;5.995654;905.5;5.0;2000.0;4;1.25;4.5;-0.5;-10.0;descente;-10.0;4.5;descente
402;2026-05-10T08:26:44+00:00;44.135486;5.995674;905.0;5.0;2005.0;4;1.25;4.5;-0.5;-10.0;descente;-10.0;4.5;descente
403;2026-05-10T08:26:48+00:00;44.135516;5.995694;904.5;5.0;2010.0;4;1.25;4.5;-0.5;-10.0;descente;-10.0;4.5;descente
404;2026-05-10T08:26:52+00:00;44.135546;5.995714;904.0;5.0;2015.0;4;1.25;4.5;-0.5;-10.0;descente;-10.0;4.5;descente
405;2026-05-10T08:26:56+00:00;44.135576;5.995734;903.5;5.0;2020.0;4;1.25;4.5;-0.5;-10.0;descente;-10.0;4.5;descente
406;2026-05-10T08:27:00+00:00;44.135606;5.995754;903.0;5.0;2025.0;4;1.25;4.5;-0.5;-10.0;descente;-10.0;4.5;descente
407;2026-05-10T08:27:04+00:00;44.135636;5.995774;902.5;5.0;2030.0;4;1.25;4.5;-0.5;-10.0;descente;-10.0;4.5;descente
408;2026-05-10T08:27:08+00:00;44.135666;5.995794;902.0;5.0;2035.0;4;1.25;4.5;-0.5;-10.0;descente;-10.0;4.5;descente
409;2026-05-10T08:27:12+00:00;44.135696;5.995814;901.5;5.0;2040.0;4;1.25;4.5;-0.5;-10.0;descente;-10.0;4.5;descente
410;2026-05-10T08:27:16+00:00;44.135726;5.995834;901.0;5.0;2045.0;4;1.25;4.5;-0.5;-10.0;descente;-10.0;4.5;descente
411;2026-05-10T08:27:20+00:00;44.135756;5.995854;900.5;5.0;2050.0;4;1.25;4.5;-0.5;-10.0;descente;-10.0;4.5;descente
412;2026-05-10T08:27:24+00:00;44.135786;5.995874;900.0;5.0;2055.0;4;1.25;4.5;-0.5;-10.0;descente;-10.0;4.5;descente
413;2026-05-10T08:27:28+00:00;44.135816;5.995894;899.5;5.0;2060.0;4;1.25;4.5;-0.5;-10.0;descente;-10.0;4.5;descente
414;2026-05-10T08:27:32+00:00;44.135846;5.995914;899.0;5.0;2065.0;4;1.25;4.5;-0.5;-10.0;descente;-10.0;4.5;descente
415;2026-05-10T08:27:36+00:00;44.135876;5.995934;898.5;5.0;2070.0;4;1.25;4.5;-0.5;-10.0;descente;-10.0;4.5;descente
416;2026-05-10T08:27:40+00:00;44.135906;5.995954;898.0;5.0;2075.0;4;1.25;4.5;-0.5;-10.0;descente;-10.0;4.5;descente
417;2026-05-10T08:27:44+00:00;44.135936;5.995974;897.5;5.0;2080.0;4;1.25;4.5;-0.5;-10.0;descente;-10.0;4.5;descente
418;2026-05-10T08:27:48+00:00;44.135966;5.995994;897.0;5.0;2085.0;4;1.25;4.5;-0.5;-10.0;descente;-10.0;4.5;descente
419;2026-05-10T08:27:52+00:00;44.135996;5.996014;896.5;5.0;2090.0;4;1.25;4.5;-0.5;-10.0;descente;-10.0;4.5;descente
420;2026-05-10T08:27:56+00:00;44.136026;5.996034;896.0;5.0;2095.0;4;1.25;4.5;-0.5;-10.0;descente;-10.0;4.5;descente
421;2026-05-10T08:28:00+00:00;44.136056;5.996054;895.5;5.0;2100.0;4;1.25;4.5;-0.5;-10.0;descente;-10.0;4.5;descente
422;2026-05-10T08:28:04+00:00;44.136086;5.996074;895.0;5.0;2105.0;4;1.25;4.5;-0.5;-10.0;descente;-10.0;4.5;descente
423;2026-05-10T08:28:08+00:00;44.136116;5.996094;894.5;5.0;2110.0;4;1.25;4.5;-0.5;-10.0;descente;-10.0;4.5;descente
424;2026-05-10T08:28:12+00:00;44.136146;5.996114;894.0;5.0;2115.0;4;1.25;4.5;-0.5;-10.0;descente;-10.0;4.5;descente
425;2026-05-10T08:28:16+00:00;44.136176;5.996134;893.5;5.0;2120.0;4;1.25;4.5;-0.5;-10.0;descente;-10.0;4.5;descente
426;2026-05-10T08:28:20+00:00;44.136206;5.996154;893.0;5.0;2125.0;4;1.25;4.5;-0.5;-10.0;descente;-10.0;4.5;descente
427;2026-05-10T08:28:24+00:00;44.136236;5.996174;892.5;5.0;2130.0;4;1.25;4.5;-0.5;-10.0;descente;-10.0;4.5;descente
428;2026-05-10T08:28:28+00:00;44.136266;5.996194;892.0;5.0;2135.0;4;1.25;4.5;-0.5;-10.0;descente;-10.0;4.5;descente
429;2026-05-10T08:28:32+00:00;44.136296;5.996214;891.5;5.0;2140.0;4;1.25;4.5;-0.5;-10.0;descente;-10.0;4.5;descente
430;2026-05-10T08:28:36+00:00;44.136326;5.996234;891.0;5.0;2145.0;4;1.25;4.5;-0.5;-10.0;descente;-10.0;4.5;descente
431;2026-05-10T08:28:40+00:00;44.136356;5.996254;890.5;5.0;2150.0;4;1.25;4.5;-0.5;-10.0;descente;-10.0;4.5;descente
432;2026-05-10T08:28:44+00:00;44.136386;5.996274;890.0;5.0;2155.0;4;1.25;4.5;-0.5;-10.0;descente;-10.0;4.5;descente
433;2026-05-10T08:28:48+00:00;44.136416;5.996294;889.5;5.0;2160.0;4;1.25;4.5;-0.5;-10.0;descente;-10.0;4.5;descente
434;2026-05-10T08:28:52+00:00;44.136446;5.996314;889.0;5.0;2165.0;4;1.25;4.5;-0.5;-10.0;descente;-10.0;4.5;descente
435;2026-05-10T08:28:56+00:00;44.136476;5.996334;888.5;5.0;2170.0;4;1.25;4.5;-0.5;-10.0;descente;-10.0;4.5;descente
436;2026-05-10T08:29:00+00:00;44.136506;5.996354;888.0;5.0;2175.0;4;1.25;4.5;-0.5;-10.0;descente;-10.0;4.5;descente
437;2026-05-10T08:29:04+00:00;44.136536;5.996374;887.5;5.0;2180.0;4;1.25;4.5;-0.5;-10.0;descente;-10.0;4.5;descente
438;2026-05-10T08:29:08+00:00;44.136566;5.996394;887.0;5.0;2185.0;4;1.25;4.5;-0.5;-10.0;descente;-10.0;4.5;descente
439;2026-05-10T08:29:12+00:00;44.136596;5.996414;886.5;5.0;2190.0;4;1.25;4.5;-0.5;-10.0;descente;-10.0;4.5;descente
440;2026-05-10T08:29:16+00:00;44.136626;5.996434;886.0;5.0;2195.0;4;1.25;4.5;-0.5;-10.0;descente;-10.0;4.5;descente
441;2026-05-10T08:29:20+00:00;44.136656;5.996454;885.5;5.0;2200.0;4;1.25;4.5;-0.5;-10.0;descente;-10.0;4.5;descente
442;2026-05-10T08:29:24+00:00;44.136686;5.996474;885.0;5.0;2205.0;4;1.25;4.5;-0.5;-10.0;descente;-10.0;4.5;descente
443;2026-05-10T08:29:28+00:00;44.136716;5.996494;884.5;5.0;2210.0;4;1.25;4.5;-0.5;-10.0;descente;-10.0;4.5;descente
444;2026-05-10T08:29:32+00:00;44.136746;5.996514;884.0;5.0;2215.0;4;1.25;4.5;-0.5;-10.0;descente;-10.0;4.5;descente
445;2026-05-10T08:29:36+00:00;44.136776;5.996534;883.5;5.0;2220.0;4;1.25;4.5;-0.5;-10.0;descente;-10.0;4.5;descente
446;2026-05-10T08:29:40+00:00;44.136806;5.996554;883.0;5.0;2225.0;4;1.25;4.5;-0.5;-10.0;descente;-10.0;4.5;descente
447;2026-05-10T08:29:44+00:00;44.136836;5.996574;882.5;5.0;2230.0;4;1.25;4.5;-0.5;-10.0;descente;-10.0;4.5;descente
448;2026-05-10T08:29:48+00:00;44.136866;5.996594;882.0;5.0;2235.0;4;1.25;4.5;-0.5;-10.0;descente;-10.0;4.5;descente
449;2026-05-10T08:29:52+00:00;44.136896;5.996614;881.5;5.0;2240.0;4;1.25;4.5;-0.5;-10.0;descente;-10.0;4.5;descente
450;2026-05-10T08:29:56+00:00;44.136926;5.996634;881.0;5.0;2245.0;4;1.25;4.5;-0.5;-10.0;descente;-10.0;4.5;descente
451;2026-05-10T08:30:00+00:00;44.136956;5.996654;880.5;5.0;2250.0;4;1.25;4.5;-0.5;-10.0;descente;-10.0;4.5;descente
452;2026-05-10T08:30:04+00:00;44.136986;5.996674;880.0;5.0;2255.0;4;1.25;4.5;-0.5;-10.0;descente;-10.0;4.5;descente
453;2026-05-10T08:30:08+00:00;44.137016;5.996694;879.5;5.0;2260.0;4;1.25;4.5;-0.5;-10.0;descente;-10.0;4.5;descente
454;2026-05-10T08:30:12+00:00;44.137046;5.996714;879.0;5.0;2265.0;4;1.25;4.5;-0.5;-10.0;descente;-10.0;4.5;descente
455;2026-05-10T08:30:16+00:00;44.137076;5.996734;878.5;5.0;2270.0;4;1.25;4.5;-0.5;-10.0;descente;-10.0;4.5;descente
456;2026-05-10T08:30:20+00:00;44.137106;5.996754;878.0;5.0;2275.0;4;1.25;4.5;-0.5;-10.0;descente;-10.0;4.5;descente
457;2026-05-10T08:30:24+00:00;44.137136;5.996774;877.5;5.0;2280.0;4;1.25;4.5;-0.5;-10.0;descente;-10.0;4.5;descente
458;2026-05-10T08:30:28+00:00;44.137166;5.996794;877.0;5.0;2285.0;4;1.25;4.5;-0.5;-10.0;descente;-10.0;4.5;descente
459;2026-05-10T08:30:32+00:00;44.137196;5.996814;876.5;5.0;2290.0;4;1.25;4.5;-0.5;-10.0;descente;-5.0;4.5;descente
460;2026-05-10T08:30:36+00:00;44.137226;5.996834;876.0;5.0;2295.0;4;1.25;4.5;-0.5;-10.0;descente;0.0;4.5;plat
461;2026-05-10T08:30:40+00:00;44.137256;5.996854;876.8;5.0;2300.0;4;1.25;4.5;0.75;15.0;montee;5.0;4.5;montee
462;2026-05-10T08:30:44+00:00;44.137286;5.996874;877.5;5.0;2305.0;4;1.25;4.5;0.75;15.0;montee;10.0;4.5;montee
463;2026-05-10T08:30:48+00:00;44.137316;5.996894;878.3;5.0;2310.0;4;1.25;4.5;0.75;15.0;montee;15.0;4.5;montee
464;2026-05-10T08:30:52+00:00;44.137346;5.996914;879.0;5.0;2315.0;4;1.25;4.5;0.75;15.0;montee;15.0;4.5;montee
465;2026-05-10T08:30:56+00:00;44.137376;5.996934;879.8;5.0;2320.0;4;1.25;4.5;0.75;15.0;montee;15.0;4.5;montee
466;2026-05-10T08:31:00+00:00;44.137406;5.996954;880.5;5.0;2325.0;4;1.25;4.5;0.75;15.0;montee;15.0;4.5;montee
467;2026-05-10T08:31:04+00:00;44.137436;5.996974;881.3;5.0;2330.0;4;1.25;4.5;0.75;15.0;montee;15.0;4.5;montee
468;2026-05-10T08:31:08+00:00;44.137466;5.996994;882.0;5.0;2335.0;4;1.25;4.5;0.75;15.0;montee;15.0;4.5;montee
469;2026-05-10T08:31:12+00:00;44.137496;5.997014;882.8;5.0;2340.0;4;1.25;4.5;0.75;15.0;montee;15.0;4.5;montee
470;2026-05-10T08:31:16+00:00;44.137526;5.997034;883.5;5.0;2345.0;4;1.25;4.5;0.75;15.0;montee;15.0;4.5;montee
471;2026-05-10T08:31:20+00:00;44.137556;5.997054;884.3;5.0;2350.0;4;1.25;4.5;0.75;15.0;montee;15.0;4.5;montee
472;2026-05-10T08:31:24+00:00;44.137586;5.997074;885.0;5.0;2355.0;4;1.25;4.5;0.75;15.0;montee;15.0;4.5;montee
473;2026-05-10T08:31:28+00:00;44.137616;5.997094;885.8;5.0;2360.0;4;1.25;4.5;0.75;15.0;montee;15.0;4.5;montee
474;2026-05-10T08:31:32+00:00;44.137646;5.997114;886.5;5.0;2365.0;4;1.25;4.5;0.75;15.0;montee;15.0;4.5;montee
475;2026-05-10T08:31:36+00:00;44.137676;5.997134;887.3;5.0;2370.0;4;1.25;4.5;0.75;15.0;montee;15.0;4.5;montee
476;2026-05-10T08:31:40+00:00;44.137706;5.997154;888.0;5.0;2375.0;4;1.25;4.5;0.75;15.0;montee;15.0;4.5;montee
477;2026-05-10T08:31:44+00:00;44.137736;5.997174;888.8;5.0;2380.0;4;1.25;4.5;0.75;15.0;montee;15.0;4.5;montee
478;2026-05-10T08:31:48+00:00;44.137766;5.997194;889.5;5.0;2385.0;4;1.25;4.5;0.75;15.0;montee;15.0;4.5;montee
479;2026-05-10T08:31:52+00:00;44.137796;5.997214;890.3;5.0;2390.0;4;1.25;4.5;0.75;15.0;montee;15.0;4.5;montee
480;2026-05-10T08:31:56+00:00;44.137826;5.997234;891.0;5.0;2395.0;4;1.25;4.5;0.75;15.0;montee;15.0;4.5;montee
481;2026-05-10T08:32:00+00:00;44.137856;5.997254;891.8;5.0;2400.0;4;1.25;4.5;0.75;15.0;montee;15.0;4.5;montee
482;2026-05-10T08:32:04+00:00;44.137886;5.997274;892.5;5.0;2405.0;4;1.25;4.5;0.75;15.0;montee;15.0;4.5;montee
483;2026-05-10T08:32:08+00:00;44.137916;5.997294;893.3;5.0;2410.0;4;1.25;4.5;0.75;15.0;montee;15.0;4.5;montee
484;2026-05-10T08:32:12+00:00;44.137946;5.997314;894.0;5.0;2415.0;4;1.25;4.5;0.75;15.0;montee;15.0;4.5;montee
485;2026-05-10T08:32:16+00:00;44.137976;5.997334;894.8;5.0;2420.0;4;1.25;4.5;0.75;15.0;montee;15.0;4.5;montee
486;2026-05-10T08:32:20+00:00;44.138006;5.997354;895.5;5.0;2425.0;4;1.25;4.5;0.75;15.0;montee;15.0;4.5;montee
487;2026-05-10T08:32:24+00:00;44.138036;5.997374;896.3;5.0;2430.0;4;1.25;4.5;0.75;15.0;montee;15.0;4.5;montee
488;2026-05-10T08:32:28+00:00;44.138066;5.997394;897.0;5.0;2435.0;4;1.25;4.5;0.75;15.0;montee;15.0;4.5;montee
489;2026-05-10T08:32:32+00:00;44.138096;5.997414;897.8;5.0;2440.0;4;1.25;4.5;0.75;15.0;montee;15.0;4.5;montee
490;2026-05-10T08:32:36+00:00;44.138126;5.997434;898.5;5.0;2445.0;4;1.25;4.5;0.75;15.0;montee;15.0;4.5;montee
491;2026-05-10T08:32:40+00:00;44.138156;5.997454;899.3;5.0;2450.0;4;1.25;4.5;0.75;15.0;montee;15.0;4.5;montee
492;2026-05-10T08:32:44+00:00;44.138186;5.997474;900.0;5.0;2455.0;4;1.25;4.5;0.75;15.0;montee;15.0;4.5;montee
493;2026-05-10T08:32:48+00:00;44.138216;5.997494;900.8;5.0;2460.0;4;1.25;4.5;0.75;15.0;montee;15.0;4.5;montee
494;2026-05-10T08:32:52+00:00;44.138246;5.997514;901.5;5.0;2465.0;4;1.25;4.5;0.75;15.0;montee;15.0;4.5;montee
495;2026-05-10T08:32:56+00:00;44.138276;5.997534;902.3;5.0;2470.0;4;1.25;4.5;0.75;15.0;montee;15.0;4.5;montee
496;2026-05-10T08:33:00+00:00;44.138306;5.997554;903.0;5.0;2475.0;4;1.25;4.5;0.75;15.0;montee;15.0;4.5;montee
497;2026-05-10T08:33:04+00:00;44.138336;5.997574;903.8;5.0;2480.0;4;1.25;4.5;0.75;15.0;montee;15.0;4.5;montee
498;2026-05-10T08:33:08+00:00;44.138366;5.997594;904.5;5.0;2485.0;4;1.25;4.5;0.75;15.0;montee;15.0;4.5;montee
499;2026-05-10T08:33:12+00:00;44.138396;5.997614;905.3;5.0;2490.0;4;1.25;4.5;0.75;15.0;montee;15.0;4.5;montee
500;2026-05-10T08:33:16+00:00;44.138426;5.997634;906.0;5.0;2495.0;4;1.25;4.5;0.75;15.0;montee;15.0;4.5;montee
501;2026-05-10T08:33:20+00:00;44.138456;5.997654;906.8;5.0;2500.0;4;1.25;4.5;0.75;15.0;montee;15.0;4.5;montee
502;2026-05-10T08:33:24+00:00;44.138486;5.997674;907.5;5.0;2505.0;4;1.25;4.5;0.75;15.0;montee;15.0;4.5;montee
503;2026-05-10T08:33:28+00:00;44.138516;5.997694;908.3;5.0;2510.0;4;1.25;4.5;0.75;15.0;montee;15.0;4.5;montee
504;2026-05-10T08:33:32+00:00;44.138546;5.997714;909.0;5.0;2515.0;4;1.25;4.5;0.75;15.0;montee;15.0;4.5;montee
505;2026-05-10T08:33:36+00:00;44.138576;5.997734;909.8;5.0;2520.0;4;1.25;4.5;0.75;15.0;montee;15.0;4.5;montee
506;2026-05-10T08:33:40+00:00;44.138606;5.997754;910.5;5.0;2525.0;4;1.25;4.5;0.75;15.0;montee;15.0;4.5;montee
507;2026-05-10T08:33:44+00:00;44.138636;5.997774;911.3;5.0;2530.0;4;1.25;4.5;0.75;15.0;montee;15.0;4.5;montee
508;2026-05-10T08:33:48+00:00;44.138666;5.997794;912.0;5.0;2535.0;4;1.25;4.5;0.75;15.0;montee;15.0;4.5;montee
509;2026-05-10T08:33:52+00:00;44.138696;5.997814;912.8;5.0;2540.0;4;1.25;4.5;0.75;15.0;montee;15.0;4.5;montee
510;2026-05-10T08:33:56+00:00;44.138726;5.997834;913.5;5.0;2545.0;4;1.25;4.5;0.75;15.0;montee;15.0;4.5;montee
511;2026-05-10T08:34:00+00:00;44.138756;5.997854;914.3;5.0;2550.0;4;1.25;4.5;0.75;15.0;montee;15.0;4.5;montee
512;2026-05-10T08:34:04+00:00;44.138786;5.997874;915.0;5.0;2555.0;4;1.25;4.5;0.75;15.0;montee;15.0;4.5;montee
513;2026-05-10T08:34:08+00:00;44.138816;5.997894;915.8;5.0;2560.0;4;1.25;4.5;0.75;15.0;montee;15.0;4.5;montee
514;2026-05-10T08:34:12+00:00;44.138846;5.997914;916.5;5.0;2565.0;4;1.25;4.5;0.75;15.0;montee;15.0;4.5;montee
515;2026-05-10T08:34:16+00:00;44.138876;5.997934;917.3;5.0;2570.0;4;1.25;4.5;0.75;15.0;montee;15.0;4.5;montee
516;2026-05-10T08:34:20+00:00;44.138906;5.997954;918.0;5.0;2575.0;4;1.25;4.5;0.75;15.0;montee;15.0;4.5;montee
517;2026-05-10T08:34:24+00:00;44.138936;5.997974;918.8;5.0;2580.0;4;1.25;4.5;0.75;15.0;montee;15.0;4.5;montee
518;2026-05-10T08:34:28+00:00;44.138966;5.997994;919.5;5.0;2585.0;4;1.25;4.5;0.75;15.0;montee;15.0;4.5;montee
519;2026-05-10T08:34:32+00:00;44.138996;5.998014;920.3;5.0;2590.0;4;1.25;4.5;0.75;15.0;montee;15.0;4.5;montee
520;2026-05-10T08:34:36+00:00;44.139026;5.998034;921.0;5.0;2595.0;4;1.25;4.5;0.75;15.0;montee;15.0;4.5;montee
521;2026-05-10T08:34:40+00:00;44.139056;5.998054;921.8;5.0;2600.0;4;1.25;4.5;0.75;15.0;montee;15.0;4.5;montee
522;2026-05-10T08:34:44+00:00;44.139086;5.998074;922.5;5.0;2605.0;4;1.25;4.5;0.75;15.0;montee;15.0;4.5;montee
523;2026-05-10T08:34:48+00:00;44.139116;5.998094;923.3;5.0;2610.0;4;1.25;4.5;0.75;15.0;montee;15.0;4.5;montee
524;2026-05-10T08:34:52+00:00;44.139146;5.998114;924.0;5.0;2615.0;4;1.25;4.5;0.75;15.0;montee;15.0;4.5;montee
525;2026-05-10T08:34:56+00:00;44.139176;5.998134;924.8;5.0;2620.0;4;1.25;4.5;0.75;15.0;montee;15.0;4.5;montee
526;2026-05-10T08:35:00+00:00;44.139206;5.998154;925.5;5.0;2625.0;4;1.25;4.5;0.75;15.0;montee;15.0;4.5;montee
527;2026-05-10T08:35:04+00:00;44.139236;5.998174;926.3;5.0;2630.0;4;1.25;4.5;0.75;15.0;montee;15.0;4.5;montee
528;2026-05-10T08:35:08+00:00;44.139266;5.998194;927.0;5.0;2635.0;4;1.25;4.5;0.75;15.0;montee;15.0;4.5;montee
529;2026-05-10T08:35:12+00:00;44.139296;5.998214;927.8;5.0;2640.0;4;1.25;4.5;0.75;15.0;montee;15.0;4.5;montee
530;2026-05-10T08:35:16+00:00;44.139326;5.998234;928.5;5.0;2645.0;4;1.25;4.5;0.75;15.0;montee;15.0;4.5;montee
531;2026-05-10T08:35:20+00:00;44.139356;5.998254;929.3;5.0;2650.0;4;1.25;4.5;0.75;15.0;montee;15.0;4.5;montee
532;2026-05-10T08:35:24+00:00;44.139386;5.998274;930.0;5.0;2655.0;4;1.25;4.5;0.75;15.0;montee;15.0;4.5;montee
533;2026-05-10T08:35:28+00:00;44.139416;5.998294;930.8;5.0;2660.0;4;1.25;4.5;0.75;15.0;montee;15.0;4.5;montee
534;2026-05-10T08:35:32+00:00;44.139446;5.998314;931.5;5.0;2665.0;4;1.25;4.5;0.75;15.0;montee;15.0;4.5;montee
535;2026-05-10T08:35:36+00:00;44.139476;5.998334;932.3;5.0;2670.0;4;1.25;4.5;0.75;15.0;montee;15.0;4.5;montee
536;2026-05-10T08:35:40+00:00;44.139506;5.998354;933.0;5.0;2675.0;4;1.25;4.5;0.75;15.0;montee;15.0;4.5;montee
537;2026-05-10T08:35:44+00:00;44.139536;5.998374;933.8;5.0;2680.0;4;1.25;4.5;0.75;15.0;montee;15.0;4.5;montee
538;2026-05-10T08:35:48+00:00;44.139566;5.998394;934.5;5.0;2685.0;4;1.25;4.5;0.75;15.0;montee;15.0;4.5;montee
539;2026-05-10T08:35:52+00:00;44.139596;5.998414;935.3;5.0;2690.0;4;1.25;4.5;0.75;15.0;montee;12.0;4.5;montee
540;2026-05-10T08:35:56+00:00;44.139626;5.998434;936.0;5.0;2695.0;4;1.25;4.5;0.75;15.0;montee;9.0;4.5;montee
541;2026-05-10T08:36:00+00:00;44.139656;5.998454;936.0;5.0;2700.0;4;1.25;4.5;0.0;0.0;plat;6.0;4.5;montee
542;2026-05-10T08:36:04+00:00;44.139686;5.998474;936.0;5.0;2705.0;4;1.25;4.5;0.0;0.0;plat;3.0;4.5;plat
543;2026-05-10T08:36:08+00:00;44.139716;5.998494;936.0;5.0;2710.0;4;1.25;4.5;0.0;0.0;plat;0.0;4.5;plat
544;2026-05-10T08:36:12+00:00;44.139746;5.998514;936.0;5.0;2715.0;4;1.25;4.5;0.0;0.0;plat;0.0;4.5;plat
545;2026-05-10T08:36:16+00:00;44.139776;5.998534;936.0;5.0;2720.0;4;1.25;4.5;0.0;0.0;plat;0.0;4.5;plat
546;2026-05-10T08:36:20+00:00;44.139806;5.998554;936.0;5.0;2725.0;4;1.25;4.5;0.0;0.0;plat;0.0;4.5;plat
547;2026-05-10T08:36:24+00:00;44.139836;5.998574;936.0;5.0;2730.0;4;1.25;4.5;0.0;0.0;plat;0.0;4.5;plat
548;2026-05-10T08:36:28+00:00;44.139866;5.998594;936.0;5.0;2735.0;4;1.25;4.5;0.0;0.0;plat;0.0;4.5;plat
549;2026-05-10T08:36:32+00:00;44.139896;5.998614;936.0;5.0;2740.0;4;1.25;4.5;0.0;0.0;plat;0.0;4.5;plat
550;2026-05-10T08:36:36+00:00;44.139926;5.998634;936.0;5.0;2745.0;4;1.25;4.5;0.0;0.0;plat;0.0;4.5;plat
551;2026-05-10T08:36:40+00:00;44.139956;5.998654;936.0;5.0;2750.0;4;1.25;4.5;0.0;0.0;plat;0.0;4.5;plat
552;2026-05-10T08:36:44+00:00;44.139986;5.998674;936.0;5.0;2755.0;4;1.25;4.5;0.0;0.0;plat;0.0;4.5;plat
553;2026-05-10T08:36:48+00:00;44.140016;5.998694;936.0;5.0;2760.0;4;1.25;4.5;0.0;0.0;plat;0.0;4.5;plat
554;2026-05-10T08:36:52+00:00;44.140046;5.998714;936.0;5.0;2765.0;4;1.25;4.5;0.0;0.0;plat;0.0;4.5;plat
555;2026-05-10T08:36:56+00:00;44.140076;5.998734;936.0;5.0;2770.0;4;1.25;4.5;0.0;0.0;plat;0.0;4.5;plat
556;2026-05-10T08:37:00+00:00;44.140106;5.998754;936.0;5.0;2775.0;4;1.25;4.5;0.0;0.0;plat;0.0;4.5;plat
557;2026-05-10T08:37:04+00:00;44.140136;5.998774;936.0;5.0;2780.0;4;1.25;4.5;0.0;0.0;plat;0.0;4.5;plat
558;2026-05-10T08:37:08+00:00;44.140166;5.998794;936.0;5.0;2785.0;4;1.25;4.5;0.0;0.0;plat;0.0;4.5;plat
559;2026-05-10T08:37:12+00:00;44.140196;5.998814;936.0;5.0;2790.0;4;1.25;4.5;0.0;0.0;plat;0.0;4.5;plat
560;2026-05-10T08:37:16+00:00;44.140226;5.998834;936.0;5.0;2795.0;4;1.25;4.5;0.0;0.0;plat;0.0;4.5;plat
561;2026-05-10T08:37:20+00:00;44.140256;5.998854;936.0;5.0;2800.0;4;1.25;4.5;0.0;0.0;plat;0.0;4.5;plat
562;2026-05-10T08:37:24+00:00;44.140286;5.998874;936.0;5.0;2805.0;4;1.25;4.5;0.0;0.0;plat;0.0;4.5;plat
563;2026-05-10T08:37:28+00:00;44.140316;5.998894;936.0;5.0;2810.0;4;1.25;4.5;0.0;0.0;plat;0.0;4.5;plat
564;2026-05-10T08:37:32+00:00;44.140346;5.998914;936.0;5.0;2815.0;4;1.25;4.5;0.0;0.0;plat;0.0;4.5;plat
565;2026-05-10T08:37:36+00:00;44.140376;5.998934;936.0;5.0;2820.0;4;1.25;4.5;0.0;0.0;plat;0.0;4.5;plat
566;2026-05-10T08:37:40+00:00;44.140406;5.998954;936.0;5.0;2825.0;4;1.25;4.5;0.0;0.0;plat;0.0;4.5;plat
567;2026-05-10T08:37:44+00:00;44.140436;5.998974;936.0;5.0;2830.0;4;1.25;4.5;0.0;0.0;plat;0.0;4.5;plat
568;2026-05-10T08:37:48+00:00;44.140466;5.998994;936.0;5.0;2835.0;4;1.25;4.5;0.0;0.0;plat;0.0;4.5;plat
569;2026-05-10T08:37:52+00:00;44.140496;5.999014;936.0;5.0;2840.0;4;1.25;4.5;0.0;0.0;plat;0.0;4.5;plat
570;2026-05-10T08:37:56+00:00;44.140526;5.999034;936.0;5.0;2845.0;4;1.25;4.5;0.0;0.0;plat;0.0;4.5;plat
571;2026-05-10T08:38:00+00:00;44.140556;5.999054;936.0;5.0;2850.0;4;1.25;4.5;0.0;0.0;plat;0.0;4.5;plat
572;2026-05-10T08:38:04+00:00;44.140586;5.999074;936.0;5.0;2855.0;4;1.25;4.5;0.0;0.0;plat;0.0;4.5;plat
573;2026-05-10T08:38:08+00:00;44.140616;5.999094;936.0;5.0;2860.0;4;1.25;4.5;0.0;0.0;plat;0.0;4.5;plat
574;2026-05-10T08:38:12+00:00;44.140646;5.999114;936.0;5.0;2865.0;4;1.25;4.5;0.0;0.0;plat;0.0;4.5;plat
575;2026-05-10T08:38:16+00:00;44.140676;5.999134;936.0;5.0;2870.0;4;1.25;4.5;0.0;0.0;plat;0.0;4.5;plat
576;2026-05-10T08:38:20+00:00;44.140706;5.999154;936.0;5.0;2875.0;4;1.25;4.5;0.0;0.0;plat;0.0;4.5;plat
577;2026-05-10T08:38:24+00:00;44.140736;5.999174;936.0;5.0;2880.0;4;1.25;4.5;0.0;0.0;plat;0.0;4.5;plat
578;2026-05-10T08:38:28+00:00;44.140766;5.999194;936.0;5.0;2885.0;4;1.25;4.5;0.0;0.0;plat;0.0;4.5;plat
579;2026-05-10T08:38:32+00:00;44.140796;5.999214;936.0;5.0;2890.0;4;1.25;4.5;0.0;0.0;plat;0.0;4.5;plat
580;2026-05-10T08:38:36+00:00;44.140826;5.999234;936.0;5.0;2895.0;4;1.25;4.5;0.0;0.0;plat;0.0;4.5;plat
581;2026-05-10T08:38:40+00:00;44.140856;5.999254;936.0;5.0;2900.0;4;1.25;4.5;0.0;0.0;plat;0.0;4.5;plat
582;2026-05-10T08:38:44+00:00;44.140886;5.999274;936.0;5.0;2905.0;4;1.25;4.5;0.0;0.0;plat;0.0;4.5;plat
583;2026-05-10T08:38:48+00:00;44.140916;5.999294;936.0;5.0;2910.0;4;1.25;4.5;0.0;0.0;plat;0.0;4.5;plat
584;2026-05-10T08:38:52+00:00;44.140946;5.999314;936.0;5.0;2915.0;4;1.25;4.5;0.0;0.0;plat;0.0;4.5;plat
585;2026-05-10T08:38:56+00:00;44.140976;5.999334;936.0;5.0;2920.0;4;1.25;4.5;0.0;0.0;plat;0.0;4.5;plat
586;2026-05-10T08:39:00+00:00;44.141006;5.999354;936.0;5.0;2925.0;4;1.25;4.5;0.0;0.0;plat;0.0;4.5;plat
587;2026-05-10T08:39:04+00:00;44.141036;5.999374;936.0;5.0;2930.0;4;1.25;4.5;0.0;0.0;plat;0.0;4.5;plat
588;2026-05-10T08:39:08+00:00;44.141066;5.999394;936.0;5.0;2935.0;4;1.25;4.5;0.0;0.0;plat;0.0;4.5;plat
589;2026-05-10T08:39:12+00:00;44.141096;5.999414;936.0;5.0;2940.0;4;1.25;4.5;0.0;0.0;plat;0.0;4.5;plat
590;2026-05-10T08:39:16+00:00;44.141126;5.999434;936.0;5.0;2945.0;4;1.25;4.5;0.0;0.0;plat;0.0;4.5;plat
591;2026-05-10T08:39:20+00:00;44.141156;5.999454;936.0;5.0;2950.0;4;1.25;4.5;0.0;0.0;plat;0.0;4.5;plat
592;2026-05-10T08:39:24+00:00;44.141186;5.999474;936.0;5.0;2955.0;4;1.25;4.5;0.0;0.0;plat;0.0;4.5;plat
593;2026-05-10T08:39:28+00:00;44.141216;5.999494;936.0;5.0;2960.0;4;1.25;4.5;0.0;0.0;plat;0.0;4.5;plat
594;2026-05-10T08:39:32+00:00;44.141246;5.999514;936.0;5.0;2965.0;4;1.25;4.5;0.0;0.0;plat;0.0;4.5;plat
595;2026-05-10T08:39:36+00:00;44.141276;5.999534;936.0;5.0;2970.0;4;1.25;4.5;0.0;0.0;plat;0.0;4.5;plat
596;2026-05-10T08:39:40+00:00;44.141306;5.999554;936.0;5.0;2975.0;4;1.25;4.5;0.0;0.0;plat;0.0;4.5;plat
597;2026-05-10T08:39:44+00:00;44.141336;5.999574;936.0;5.0;2980.0;4;1.25;4.5;0.0;0.0;plat;0.0;4.5;plat
598;2026-05-10T08:39:48+00:00;44.141366;5.999594;936.0;5.0;2985.0;4;1.25;4.5;0.0;0.0;plat;0.0;4.5;plat
599;2026-05-10T08:39:52+00:00;44.141396;5.999614;936.0;5.0;2990.0;4;1.25;4.5;0.0;0.0;plat;0.0;4.5;plat
600;2026-05-10T08:39:56+00:00;44.141426;5.999634;936.0;5.0;2995.0;4;1.25;4.5;0.0;0.0;plat;0.0;4.5;plat
601;2026-05-10T08:40:00+00:00;44.141456;5.999654;936.0;5.0;3000.0;4;1.25;4.5;0.0;0.0;plat;0.0;4.5;plat
602;2026-05-10T08:40:04+00:00;44.141486;5.999674;936.0;5.0;3005.0;4;1.25;4.5;0.0;0.0;plat;0.0;4.5;plat
603;2026-05-10T08:40:08+00:00;44.141516;5.999694;936.0;5.0;3010.0;4;1.25;4.5;0.0;0.0;plat;0.0;4.5;plat
604;2026-05-10T08:40:12+00:00;44.141546;5.999714;936.0;5.0;3015.0;4;1.25;4.5;0.0;0.0;plat;0.0;4.5;plat
605;2026-05-10T08:40:16+00:00;44.141576;5.999734;936.0;5.0;3020.0;4;1.25;4.5;0.0;0.0;plat;0.0;4.5;plat
606;2026-05-10T08:40:20+00:00;44.141606;5.999754;936.0;5.0;3025.0;4;1.25;4.5;0.0;0.0;plat;0.0;4.5;plat
607;2026-05-10T08:40:24+00:00;44.141636;5.999774;936.0;5.0;3030.0;4;1.25;4.5;0.0;0.0;plat;0.0;4.5;plat
608;2026-05-10T08:40:28+00:00;44.141666;5.999794;936.0;5.0;3035.0;4;1.25;4.5;0.0;0.0;plat;0.0;4.5;plat
609;2026-05-10T08:40:32+00:00;44.141696;5.999814;936.0;5.0;3040.0;4;1.25;4.5;0.0;0.0;plat;0.0;4.5;plat
610;2026-05-10T08:40:36+00:00;44.141726;5.999834;936.0;5.0;3045.0;4;1.25;4.5;0.0;0.0;plat;0.0;4.5;plat
611;2026-05-10T08:40:40+00:00;44.141756;5.999854;936.0;5.0;3050.0;4;1.25;4.5;0.0;0.0;plat;0.0;4.5;plat
612;2026-05-10T08:40:44+00:00;44.141786;5.999874;936.0;5.0;3055.0;4;1.25;4.5;0.0;0.0;plat;0.0;4.5;plat
613;2026-05-10T08:40:48+00:00;44.141816;5.999894;936.0;5.0;3060.0;4;1.25;4.5;0.0;0.0;plat;0.0;4.5;plat
614;2026-05-10T08:40:52+00:00;44.141846;5.999914;936.0;5.0;3065.0;4;1.25;4.5;0.0;0.0;plat;0.0;4.5;plat
615;2026-05-10T08:40:56+00:00;44.141876;5.999934;936.0;5.0;3070.0;4;1.25;4.5;0.0;0.0;plat;0.0;4.5;plat
616;2026-05-10T08:41:00+00:00;44.141906;5.999954;936.0;5.0;3075.0;4;1.25;4.5;0.0;0.0;plat;0.0;4.5;plat
617;2026-05-10T08:41:04+00:00;44.141936;5.999974;936.0;5.0;3080.0;4;1.25;4.5;0.0;0.0;plat;0.0;4.5;plat
618;2026-05-10T08:41:08+00:00;44.141966;5.999994;936.0;5.0;3085.0;4;1.25;4.5;0.0;0.0;plat;0.0;4.5;plat
619;2026-05-10T08:41:12+00:00;44.141996;6.000014;936.0;5.0;3090.0;4;1.25;4.5;0.0;0.0;plat;0.0;4.5;plat
620;2026-05-10T08:41:16+00:00;44.142026;6.000034;936.0;5.0;3095.0;4;1.25;4.5;0.0;0.0;plat;0.0;4.5;plat
